-- MySQL dump 10.13  Distrib 5.7.17, for Linux (x86_64)
--
-- Host: localhost    Database: bharatham
-- ------------------------------------------------------
-- Server version	5.7.17-0ubuntu0.16.04.1

/*!40101 SET @OLD_CHARACTER_SET_CLIENT=@@CHARACTER_SET_CLIENT */;
/*!40101 SET @OLD_CHARACTER_SET_RESULTS=@@CHARACTER_SET_RESULTS */;
/*!40101 SET @OLD_COLLATION_CONNECTION=@@COLLATION_CONNECTION */;
/*!40101 SET NAMES utf8 */;
/*!40103 SET @OLD_TIME_ZONE=@@TIME_ZONE */;
/*!40103 SET TIME_ZONE='+00:00' */;
/*!40014 SET @OLD_UNIQUE_CHECKS=@@UNIQUE_CHECKS, UNIQUE_CHECKS=0 */;
/*!40014 SET @OLD_FOREIGN_KEY_CHECKS=@@FOREIGN_KEY_CHECKS, FOREIGN_KEY_CHECKS=0 */;
/*!40101 SET @OLD_SQL_MODE=@@SQL_MODE, SQL_MODE='NO_AUTO_VALUE_ON_ZERO' */;
/*!40111 SET @OLD_SQL_NOTES=@@SQL_NOTES, SQL_NOTES=0 */;

--
-- Table structure for table `auth_group`
--

DROP TABLE IF EXISTS `auth_group`;
/*!40101 SET @saved_cs_client     = @@character_set_client */;
/*!40101 SET character_set_client = utf8 */;
CREATE TABLE `auth_group` (
  `id` int(11) NOT NULL AUTO_INCREMENT,
  `name` varchar(80) NOT NULL,
  PRIMARY KEY (`id`),
  UNIQUE KEY `name` (`name`)
) ENGINE=InnoDB DEFAULT CHARSET=latin1;
/*!40101 SET character_set_client = @saved_cs_client */;

--
-- Dumping data for table `auth_group`
--

LOCK TABLES `auth_group` WRITE;
/*!40000 ALTER TABLE `auth_group` DISABLE KEYS */;
/*!40000 ALTER TABLE `auth_group` ENABLE KEYS */;
UNLOCK TABLES;

--
-- Table structure for table `auth_group_permissions`
--

DROP TABLE IF EXISTS `auth_group_permissions`;
/*!40101 SET @saved_cs_client     = @@character_set_client */;
/*!40101 SET character_set_client = utf8 */;
CREATE TABLE `auth_group_permissions` (
  `id` int(11) NOT NULL AUTO_INCREMENT,
  `group_id` int(11) NOT NULL,
  `permission_id` int(11) NOT NULL,
  PRIMARY KEY (`id`),
  UNIQUE KEY `auth_group_permissions_group_id_0cd325b0_uniq` (`group_id`,`permission_id`),
  KEY `auth_group_permissi_permission_id_84c5c92e_fk_auth_permission_id` (`permission_id`),
  CONSTRAINT `auth_group_permissi_permission_id_84c5c92e_fk_auth_permission_id` FOREIGN KEY (`permission_id`) REFERENCES `auth_permission` (`id`),
  CONSTRAINT `auth_group_permissions_group_id_b120cbf9_fk_auth_group_id` FOREIGN KEY (`group_id`) REFERENCES `auth_group` (`id`)
) ENGINE=InnoDB DEFAULT CHARSET=latin1;
/*!40101 SET character_set_client = @saved_cs_client */;

--
-- Dumping data for table `auth_group_permissions`
--

LOCK TABLES `auth_group_permissions` WRITE;
/*!40000 ALTER TABLE `auth_group_permissions` DISABLE KEYS */;
/*!40000 ALTER TABLE `auth_group_permissions` ENABLE KEYS */;
UNLOCK TABLES;

--
-- Table structure for table `auth_permission`
--

DROP TABLE IF EXISTS `auth_permission`;
/*!40101 SET @saved_cs_client     = @@character_set_client */;
/*!40101 SET character_set_client = utf8 */;
CREATE TABLE `auth_permission` (
  `id` int(11) NOT NULL AUTO_INCREMENT,
  `name` varchar(255) NOT NULL,
  `content_type_id` int(11) NOT NULL,
  `codename` varchar(100) NOT NULL,
  PRIMARY KEY (`id`),
  UNIQUE KEY `auth_permission_content_type_id_01ab375a_uniq` (`content_type_id`,`codename`),
  CONSTRAINT `auth_permissi_content_type_id_2f476e4b_fk_django_content_type_id` FOREIGN KEY (`content_type_id`) REFERENCES `django_content_type` (`id`)
) ENGINE=InnoDB AUTO_INCREMENT=37 DEFAULT CHARSET=latin1;
/*!40101 SET character_set_client = @saved_cs_client */;

--
-- Dumping data for table `auth_permission`
--

LOCK TABLES `auth_permission` WRITE;
/*!40000 ALTER TABLE `auth_permission` DISABLE KEYS */;
INSERT INTO `auth_permission` VALUES (1,'Can add log entry',1,'add_logentry'),(2,'Can change log entry',1,'change_logentry'),(3,'Can delete log entry',1,'delete_logentry'),(4,'Can add permission',2,'add_permission'),(5,'Can change permission',2,'change_permission'),(6,'Can delete permission',2,'delete_permission'),(7,'Can add group',3,'add_group'),(8,'Can change group',3,'change_group'),(9,'Can delete group',3,'delete_group'),(10,'Can add user',4,'add_user'),(11,'Can change user',4,'change_user'),(12,'Can delete user',4,'delete_user'),(13,'Can add content type',5,'add_contenttype'),(14,'Can change content type',5,'change_contenttype'),(15,'Can delete content type',5,'delete_contenttype'),(16,'Can add session',6,'add_session'),(17,'Can change session',6,'change_session'),(18,'Can delete session',6,'delete_session'),(19,'Can add registration profile',7,'add_registrationprofile'),(20,'Can change registration profile',7,'change_registrationprofile'),(21,'Can delete registration profile',7,'delete_registrationprofile'),(22,'Can add event',8,'add_event'),(23,'Can change event',8,'change_event'),(24,'Can delete event',8,'delete_event'),(25,'Can add user_profile',9,'add_user_profile'),(26,'Can change user_profile',9,'change_user_profile'),(27,'Can delete user_profile',9,'delete_user_profile'),(28,'Can add event_registration',10,'add_event_registration'),(29,'Can change event_registration',10,'change_event_registration'),(30,'Can delete event_registration',10,'delete_event_registration'),(31,'Can add team',11,'add_team'),(32,'Can change team',11,'change_team'),(33,'Can delete team',11,'delete_team'),(34,'Can add eventhead',12,'add_eventhead'),(35,'Can change eventhead',12,'change_eventhead'),(36,'Can delete eventhead',12,'delete_eventhead');
/*!40000 ALTER TABLE `auth_permission` ENABLE KEYS */;
UNLOCK TABLES;

--
-- Table structure for table `auth_user`
--

DROP TABLE IF EXISTS `auth_user`;
/*!40101 SET @saved_cs_client     = @@character_set_client */;
/*!40101 SET character_set_client = utf8 */;
CREATE TABLE `auth_user` (
  `id` int(11) NOT NULL AUTO_INCREMENT,
  `password` varchar(128) NOT NULL,
  `last_login` datetime(6) DEFAULT NULL,
  `is_superuser` tinyint(1) NOT NULL,
  `username` varchar(30) NOT NULL,
  `first_name` varchar(30) NOT NULL,
  `last_name` varchar(30) NOT NULL,
  `email` varchar(254) NOT NULL,
  `is_staff` tinyint(1) NOT NULL,
  `is_active` tinyint(1) NOT NULL,
  `date_joined` datetime(6) NOT NULL,
  PRIMARY KEY (`id`),
  UNIQUE KEY `username` (`username`)
) ENGINE=InnoDB AUTO_INCREMENT=78 DEFAULT CHARSET=latin1;
/*!40101 SET character_set_client = @saved_cs_client */;

--
-- Dumping data for table `auth_user`
--

LOCK TABLES `auth_user` WRITE;
/*!40000 ALTER TABLE `auth_user` DISABLE KEYS */;
INSERT INTO `auth_user` VALUES (1,'pbkdf2_sha256$24000$OUysxGKkcebo$X0skmjvtQSzAqQtUe8xp30SevM8e3wJn67NOExdd4EM=','2017-02-09 05:43:04.726570',1,'farhanfisat','','','farhanfisat@gmail.com',1,1,'2017-02-04 15:23:25.137891'),(2,'pbkdf2_sha256$24000$SXO4oKHrtksQ$LDTCPaCt+Twq62b//0U+Cm1Tc3t1CxAiqnuByLtCENo=','2017-02-08 13:15:58.160749',1,'nadishs','','','nadishshahjahan@gmail.com',1,1,'2017-02-05 18:27:58.692017'),(7,'pbkdf2_sha256$24000$1pPJZt5kY9GK$4E5wWVc64gfmO7hHS2zCwfW6PBjI0vShjFIDhxlQ2hI=','2017-02-06 16:48:45.088445',0,'vishnug','','','vishnugonline@gmail.com',0,1,'2017-02-06 16:48:44.988836'),(8,'pbkdf2_sha256$24000$cZQrAE6ajLPD$0+vwcPm6322o1Mdm7pa/5iHhyEaCr6w6MdC3gaSYUuE=','2017-02-06 16:57:18.056266',0,'Ameer398','','','ameer.ahammed1@gmail.com',0,1,'2017-02-06 16:56:38.753925'),(9,'pbkdf2_sha256$24000$QS9hrMiPSK5k$HC2P/H5wc01rrDE/hHPo3R0guYx/Pm1RhOggkG8za1w=','2017-02-06 17:48:41.422685',0,'Paru','','','parupradeep6@gmail.com',0,1,'2017-02-06 17:48:41.346911'),(11,'pbkdf2_sha256$24000$7Owfo1M1Qh5z$/TbH6Lz5KaSkIBhJjxsuf8wDaJ5AR4m4C82E6CoTRz8=','2017-02-06 17:57:17.066858',0,'Akashaj','','','akashajith222@gmail.com',0,1,'2017-02-06 17:57:16.989040'),(12,'pbkdf2_sha256$24000$PM5oizqjejFN$45iJVCQT3wF8aO8C1pW3IER5kmBFZY18k5Vko0eeYTo=','2017-02-06 18:02:36.709586',0,'Akhilesh007','','','mail.akhilesh007@gmail.com',0,1,'2017-02-06 18:00:55.305320'),(13,'pbkdf2_sha256$24000$NU0tNoxw0YrS$SPDz3c9f1bQfkhemOEA+7fdNKs+UQXvU199WBT5BQE4=','2017-02-06 18:08:17.093344',0,'ricky','','','ricky_p123@yahoo.com',0,1,'2017-02-06 18:08:17.012824'),(14,'pbkdf2_sha256$24000$2BsDvHjNuqbI$iTMlp/1JpRpVKyL8GpdsdE9CNCjkFxY0O308VZz8OJk=','2017-02-07 01:43:52.200307',0,'joshjojacberalil@gmail.com','','','joshjojacberalil@gmail.com',0,1,'2017-02-07 01:43:52.120480'),(15,'pbkdf2_sha256$24000$dLoxD8ujNOkZ$8KbPPQeTS5P7YjwYeBL7f+wJkpwjLLi+9NjtSm9vYOY=','2017-02-07 02:38:02.818198',0,'atulprabha','','','athulllprabhaaa@gmail.com',0,1,'2017-02-07 02:38:02.731756'),(16,'pbkdf2_sha256$24000$Frm7APOE9utH$NrmyiTgTgX2DN5J1qKA4EH8cLz1Lkdk2WBhj8MAVlCE=','2017-02-07 04:25:27.271034',0,'Thirdeye','','','krishnadaspmenon12@gmail.com',0,1,'2017-02-07 04:25:27.183049'),(17,'pbkdf2_sha256$24000$kWnd3vynB0pH$r+V07mTXyQ1HYvD8uVoP1fNXKbVS++oNrA0efGsfaSw=','2017-02-07 05:18:40.770389',0,'Ihlaas','','','96ihlaas@gmail.com',0,1,'2017-02-07 05:17:48.911414'),(20,'pbkdf2_sha256$24000$HWGJbsOOKW80$gnPWx4VX48u0PblsyH7W7Tu/TYQKO0n1u6wezRyrofs=','2017-02-07 09:02:19.181463',0,'rickyp','','','ricky_p@gmail.com',0,1,'2017-02-07 09:02:19.097728'),(21,'pbkdf2_sha256$24000$UkrSnVo5BBRh$6M0tEREqc21AWjM/W2lb71x5/q4Ngt9smpcRgs7v52k=','2017-02-07 11:19:40.556427',0,'darrylgaulbert','','','darrylgaulbert@gmail.com',0,1,'2017-02-07 11:19:40.474109'),(22,'pbkdf2_sha256$24000$GMuFIJBhH2bq$TMevyNkrhgsW9lqDI7E5ik3NxJDmpYLM0fbyhmtoNPI=','2017-02-07 11:36:00.818705',0,'ASAS','','','ASAS@gmail.com',0,1,'2017-02-07 11:36:00.737409'),(23,'pbkdf2_sha256$24000$QNO2rxCyMu5G$5IpntWHqdZ3NVSu3vGKvARVOmldKljtUYK8ZmUHYXoo=','2017-02-07 11:58:38.237237',0,'aswincool','','','arunaswin5445@gmail.com',0,1,'2017-02-07 11:58:38.151258'),(24,'pbkdf2_sha256$24000$UKtB63MOpiFY$Oq1PL/0+ilVdzXNd8+ZqyT36tVOYH7SIBGY1hrFnt8A=','2017-02-07 14:05:58.534695',0,'sachinrajeev11','','','sachinrajeev11@gmail.com',0,1,'2017-02-07 14:05:58.460056'),(25,'pbkdf2_sha256$24000$N5J3xTEQe8Zc$KiftRPJSbPeNbGTfg9j9OzeBu2ZdJTPofMRDeQj8/s4=','2017-02-07 14:09:35.345775',0,'saransivaram87','','','saransivaram87@gmail.com',0,1,'2017-02-07 14:09:35.253849'),(26,'pbkdf2_sha256$24000$9mqdLNu8PbSP$/Qj7cjo29tSnaqWiu+a8GMZMglIQbsaGVZn68QDa0jo=','2017-02-07 14:35:11.889457',0,'Pc','','','michaelpriyanka21@gmail.com',0,1,'2017-02-07 14:35:11.806651'),(27,'pbkdf2_sha256$24000$sCOIYv3lFvF4$OCKPo9Swvu1uQU7S3igYhbUmmVKfutSCTq8kiH1vl/c=','2017-02-08 18:14:22.862866',1,'kiran','','','kiranvarghese111@gmail.com',1,1,'2017-02-07 14:59:13.000000'),(28,'pbkdf2_sha256$24000$sC6wEACpp604$BEZry1r/RkhIzkkc1jNjEemSnHt5/twDKBDYF4Otsls=','2017-02-07 15:20:34.850347',0,'Labeeb','','','mohammadlabeeb@yahoo.com',0,1,'2017-02-07 15:20:34.759937'),(29,'pbkdf2_sha256$24000$vOI143jzLw49$1bCcQb5SsIDzf62McFNIaeWBr5uR2L7u86pSAqenrwU=','2017-02-08 02:15:39.210195',0,'rahulvijaynayar@gmail.com','','','rahulvijaynayar@gmail.com',0,1,'2017-02-07 15:30:41.957344'),(30,'pbkdf2_sha256$24000$RbtuM5vxBOYu$z7ENd8oUW3I9Zr86x+Z1h+3M/8Vkx1MNduFw3m34vhk=','2017-02-07 16:25:21.744448',0,'jose6','','','jose95@gmail.com',0,1,'2017-02-07 16:25:21.660030'),(31,'pbkdf2_sha256$24000$1l8kk6ymaI15$veE5C3DDQHLZAvlnW/Nugp+BfMGENdkIlVYzyU62fro=','2017-02-07 16:52:00.345382',0,'Thatfatbass','','','akrish500@gmail.com',0,1,'2017-02-07 16:52:00.258682'),(32,'pbkdf2_sha256$24000$QhhxKObMHz85$712s64WiU+hkf3xzKQWDzztkgMZHL+CUdJrik2IYzdA=','2017-02-07 16:53:24.723113',0,'Vsk','','','vaishakhsasikumar@gmail.com',0,1,'2017-02-07 16:53:24.649122'),(33,'pbkdf2_sha256$24000$3wuslBYofYoT$YWTptQ6cYo5DMBwlO8PK1pe0WTHAfpouFqz6b/N89a8=','2017-02-07 16:56:57.106290',0,'Maheshwar','','','maheshwarmanat@gmail.com',0,1,'2017-02-07 16:56:57.028244'),(34,'pbkdf2_sha256$24000$r19kJRvPfQut$D2oOg7HRBoWwKdTFRPFUwCaj1ffSDnYbRIcogYjF3Hw=','2017-02-07 17:08:36.673460',0,'SaandraSalim','','','saandrasalim@gmail.com',0,1,'2017-02-07 17:08:36.584794'),(35,'pbkdf2_sha256$24000$Gd1l8Mt5qUKO$jKnCp2jkgb+eaSSVRBTQlFLB/7iptxoiXnyHOBWuclo=','2017-02-07 17:21:04.636687',0,'cheriyan','','','aseemvillan@gmail.com',0,1,'2017-02-07 17:21:04.561825'),(36,'pbkdf2_sha256$24000$dAVK2eQcSxyg$daoyoZFQOSTYMP65/pYwaiQ2XH1UOAqwXoJjST2SsFE=','2017-02-07 18:23:57.771220',0,'neeraj_rajooo','','','neerajnesh@gmail.com',0,1,'2017-02-07 18:23:57.681417'),(38,'pbkdf2_sha256$24000$1uyF9FNAx5a1$gZxsbV1GLvXz84G8ckjYT6Li4l/G8Pgbbwvi03HJgfM=','2017-02-09 05:39:53.246347',0,'admintashan','','','',0,1,'2017-02-07 21:21:12.777498'),(39,'pbkdf2_sha256$24000$ZrUDdSGLcadt$9V+JomuysXOlcvBEI5ZiGYc7bGx35Zecp7DXS82qthk=','2017-02-08 17:00:58.361347',0,'adminchoreonight','','','',0,1,'2017-02-07 21:22:04.114348'),(40,'pbkdf2_sha256$24000$JzbP0rvzwztb$hot5HfR5Hp2E2eIF4mKHdp+InPRzWOF8nagjK+BEmLI=',NULL,0,'adminhush','','','',0,1,'2017-02-07 21:22:32.889721'),(41,'pbkdf2_sha256$24000$PshH5sBRmInk$gexJylbVL4dZF3IaXLaKBBftcnJr6PbxwhjXG/U8pXk=',NULL,0,'admininsight','','','',0,1,'2017-02-07 21:23:03.503817'),(42,'pbkdf2_sha256$24000$OSg5et5HK9Vf$3E7RKKvjHLWpi8Baxcoz9BzJzIq71B8wT2wlP+DJQ/8=',NULL,0,'adminnightwar','','','',0,1,'2017-02-07 21:23:45.549555'),(43,'pbkdf2_sha256$24000$5qCsxfWlQiBN$4rRN2kJkAQZnrfYhGiWXwRRC59OzJGUqX8eZsnbFM54=',NULL,0,'adminmarconi','','','',0,1,'2017-02-07 21:24:40.354505'),(44,'pbkdf2_sha256$24000$Y9X27i1pQ7wa$UOf0OIG74bgdxBPmca8bq8uG34x9v6iFmG/ByJiWqUs=',NULL,0,'adminragnarock','','','',0,1,'2017-02-07 21:25:22.841159'),(45,'pbkdf2_sha256$24000$nQFO5lzZ6jQx$qXa3nRl/9a5p6fpYwr9/tVJoWKmpYaNx2AW/pwjnhlE=',NULL,0,'adminslamdunk','','','',0,1,'2017-02-07 21:25:56.215491'),(46,'pbkdf2_sha256$24000$vGZsgqvFhBOG$q3MGvw3MkRuC+2JHzFzcsZEfDB6a9jqsb4s4qpAkzLQ=',NULL,0,'adminfootball','','','',0,1,'2017-02-07 21:26:42.502842'),(47,'pbkdf2_sha256$24000$WvyOwGMhf0r2$XDH1k9uYVLk4ZLUL/2mJBwo3hEaJpDQSkGIQE7Qv9O0=',NULL,0,'admindoodle','','','',0,1,'2017-02-07 21:27:04.477636'),(48,'pbkdf2_sha256$24000$JsrOvJsNCbOU$Xczl+pfI7xO3BLw7Qv40pxnO+3OjXY4FpvEivvLeTA0=',NULL,0,'admindeadman','','','',0,1,'2017-02-07 21:27:27.572216'),(49,'pbkdf2_sha256$24000$rv76KVmvNZep$sKdYq/RRcD5aGxPZhtTYFWYRUVGerAJXBmCLgCOD910=',NULL,0,'adminvoice','','','',0,1,'2017-02-07 21:27:54.766782'),(50,'pbkdf2_sha256$24000$7L6OQYfKVDd7$esP14yFa7FFKDmWXQ4FVc06rZEkmcNZj+SxUi6vO+bM=',NULL,0,'admintwototango','','','',0,1,'2017-02-07 21:28:19.229732'),(51,'pbkdf2_sha256$24000$FiISs3XQbc46$1goE/dEPli1oUUrD8/QGFz3wZjjpYeab66L4dEnHjLg=',NULL,0,'adminfirstcut','','','',0,1,'2017-02-07 21:28:40.274539'),(52,'pbkdf2_sha256$24000$jd8B5uBcTPE4$NaL6mTndUPMdmhuk9lXf2IkYzwjZefwh2wFgZj1DhXI=',NULL,0,'adminfootloose','','','',0,1,'2017-02-07 21:29:02.083081'),(53,'pbkdf2_sha256$24000$rSROU7DgJuVz$gngBPyfrM3eJ4Dcl+O87H3EFosXYnH7ApUl06oxHNno=',NULL,0,'adminmono','','','',0,1,'2017-02-07 21:29:34.050773'),(54,'pbkdf2_sha256$24000$GwDhMOrx59Ge$v8W2Haw92w1JZ3xQcFgshKrlapVLgVz4ZDfRk3b4Ibw=',NULL,0,'admintremors','','','',0,1,'2017-02-07 21:30:00.350633'),(55,'pbkdf2_sha256$24000$cqFEMcwyAGZf$9JtTr5jfKWUcBnsq5ES2v98lD6qiWFmMfDQklS6aLlQ=',NULL,0,'adminmrms','','','',0,1,'2017-02-07 21:30:36.426119'),(56,'pbkdf2_sha256$24000$WTnh8UBe6dZ4$NMO6Fx/5fbtceEAJs6cNYKzSjYadJke305hxco8llzg=',NULL,0,'adminpitstop','','','',0,1,'2017-02-07 21:31:07.840156'),(57,'pbkdf2_sha256$24000$LkCba2RShS3C$eG3TkuxOFciqkNtXF2C+GzfE3Du910CUXnrB/DaSrGs=','2017-02-07 21:36:05.635756',0,'admincsi','','','',0,1,'2017-02-07 21:31:33.741984'),(58,'pbkdf2_sha256$24000$M7BJ57ZxYnpQ$GcU51sp+YcrDJCEwkZuakyUjrvKn4cA1hDTLUi2NxEo=',NULL,0,'adminfifa','','','',0,1,'2017-02-07 21:32:00.921174'),(59,'pbkdf2_sha256$24000$x6PKiE2xPjtQ$RLkdKPb/KNbs1+DgwZQ7LAVQUPTiPulX7YYMEkWFt2g=',NULL,0,'admincs','','','',0,1,'2017-02-07 21:32:34.308389'),(60,'pbkdf2_sha256$24000$5cDQdlxsDDno$WB+RypMSEr7FQO10HJ3aTDtuYkW+6WN6VtUnMLraJBs=','2017-02-08 07:41:48.956953',0,'Beyond_beats','','','vijayjacob584@gmail.com',0,1,'2017-02-08 07:41:48.868918'),(61,'pbkdf2_sha256$24000$T6UJHVeKZkgW$eVlaM3prvyvcWQkQxiaKCVjDtco1RrM0eBM2eF92tZY=','2017-02-08 11:28:01.007103',0,'jestomathew','','','jestomathew504204@gmil.com',0,1,'2017-02-08 11:28:00.914987'),(62,'pbkdf2_sha256$24000$E1lOIskPxEvx$4S4TXASDVFSP3uy3vwkJh2qdzB4Y5s/eVs1V3msA0E0=','2017-02-08 11:49:08.397019',0,'Aceofspades','','','sahalnajeeb123@gmail.com',0,1,'2017-02-08 11:49:08.323420'),(63,'pbkdf2_sha256$24000$aCKrItSizoGH$XLkimGHXk8jeuC1LIAZA1fndVKJYTwO7xktn7XQhPo8=','2017-02-08 12:54:35.707900',0,'Sander','','','sanderjacob13@gmail.com',0,1,'2017-02-08 12:54:35.619851'),(64,'pbkdf2_sha256$24000$FpXEtNN5rI2o$ulHMKAE4CfSSql4jcd7ZM+HFcrGRn+HSbFWoZT+agog=','2017-02-08 14:17:47.912862',0,'relativity','','','aryandpanicker@gmail.com',0,1,'2017-02-08 14:17:47.839953'),(65,'pbkdf2_sha256$24000$IlUbE4g1QyaW$23Qtb/+XgX2CVS88hDdy2DsthfFv01uQBYs5A7yO0kU=','2017-02-08 15:32:54.026639',0,'Akshaygn','','','akshay.g.nambiar@gmail.com',0,1,'2017-02-08 15:32:53.945602'),(66,'pbkdf2_sha256$24000$8BiNmZ35v5ke$pnZRXiM7BlI7VNTULbmzDugM2g0I2o7NkArsHZ5scK4=','2017-02-08 16:06:35.890222',0,'jacobabrahamcp','','','jacobsportal@gmail.com',0,1,'2017-02-08 16:06:35.810484'),(67,'pbkdf2_sha256$24000$45YocmlIy35j$zJ8aiQF6BN9Z02wtAMNcSBvAIRaGjKhaJwiiQFeOddc=','2017-02-08 17:08:51.480026',0,'charlsroy','','','charlsroy@gmail.com',0,1,'2017-02-08 16:14:47.278915'),(68,'pbkdf2_sha256$24000$BiiO4M8jD3zk$K1+2g/Dsj8fOpMp6wpDK6fJB3uK/6yNlh2B64Yib0uY=','2017-02-08 17:02:37.598550',0,'krissagar95','','','krissagar95@gmail.com',0,1,'2017-02-08 17:02:37.522568'),(69,'pbkdf2_sha256$24000$rEuJK5zdhYHt$0MDrhvlZYyL3sdTvoHIBnU/VB61ZcFBWuMhdg/rNeyQ=','2017-02-08 17:18:28.689067',0,'Sachinrajuu','','','sachinpk2u@gmail.com',0,1,'2017-02-08 17:18:28.611380'),(70,'pbkdf2_sha256$24000$5FcDEJkIqw4z$uU6BLoCOtE4nDTlE8jShcwWXWECEuKaZEp0mmePF0dg=','2017-02-08 17:21:45.073595',0,'Akhil_a27','','','akhil_a27@yahoo.in',0,1,'2017-02-08 17:21:44.989979'),(71,'pbkdf2_sha256$24000$HgVJUfAr1JZT$LPYpKhiRufxccJiMEHlAPsW/yAwxptJR3t783sYIQW8=','2017-02-08 17:36:41.537619',0,'Sandesh','','','sandeshsundar990@gmail.com',0,1,'2017-02-08 17:36:41.456527'),(72,'pbkdf2_sha256$24000$hKl2kb9usUu9$aHlXMVWHYx+Z6Z7fqb8Z8WVFA/DAXu0eWaIRvJOcV0M=','2017-02-08 17:37:15.804097',0,'Sandesh12345','','','sandeshsundar990@gmail.com',0,1,'2017-02-08 17:37:15.720091'),(73,'pbkdf2_sha256$24000$iaI98mThbPl7$euQTcu+PY3dnoP9EZxF1eekg59Ti7UlJSAOrNypIZiU=','2017-02-08 18:05:24.579770',0,'AKSHAY','','','s.akshay457@gmail.com',0,1,'2017-02-08 18:03:55.110029'),(74,'pbkdf2_sha256$24000$6VzgufPc2IV6$5wlI7tFMAWvaazgCn2Py16QCoiDatVN0tuMPBk+u52U=','2017-02-08 18:26:35.251003',0,'jeffindavid','','','j4jeffindavid@gmail.com',0,1,'2017-02-08 18:23:02.000000'),(75,'pbkdf2_sha256$24000$okI40I3BMwGR$cvw5Y1xmVWRvIDOD2vcC5LhoYkl9l0liaMvq+xd/Gkw=','2017-02-08 18:42:13.299029',0,'Ddfg','','','sdff@ssd.com',0,1,'2017-02-08 18:42:13.222455'),(76,'pbkdf2_sha256$24000$DDPVTllobR3B$pZ0Fogr8Di93KpZgwVwBZi0hLfsc3h1PPGQqK2S7exw=','2017-02-09 03:56:11.817451',0,'Vishnukuruppakkad','','','vishnukuruppakkad@gmail.com',0,1,'2017-02-09 03:56:11.728789'),(77,'pbkdf2_sha256$24000$ga8Ij9C8dkOl$LhSfVoQxKQkK2+r+uyK2gpLLeNWDm1d8oibzaFobk7c=','2017-02-09 04:38:48.063479',0,'randomproportions','','','randompropotions@gmail.com',0,1,'2017-02-09 04:38:47.984497');
/*!40000 ALTER TABLE `auth_user` ENABLE KEYS */;
UNLOCK TABLES;

--
-- Table structure for table `auth_user_groups`
--

DROP TABLE IF EXISTS `auth_user_groups`;
/*!40101 SET @saved_cs_client     = @@character_set_client */;
/*!40101 SET character_set_client = utf8 */;
CREATE TABLE `auth_user_groups` (
  `id` int(11) NOT NULL AUTO_INCREMENT,
  `user_id` int(11) NOT NULL,
  `group_id` int(11) NOT NULL,
  PRIMARY KEY (`id`),
  UNIQUE KEY `auth_user_groups_user_id_94350c0c_uniq` (`user_id`,`group_id`),
  KEY `auth_user_groups_group_id_97559544_fk_auth_group_id` (`group_id`),
  CONSTRAINT `auth_user_groups_group_id_97559544_fk_auth_group_id` FOREIGN KEY (`group_id`) REFERENCES `auth_group` (`id`),
  CONSTRAINT `auth_user_groups_user_id_6a12ed8b_fk_auth_user_id` FOREIGN KEY (`user_id`) REFERENCES `auth_user` (`id`)
) ENGINE=InnoDB DEFAULT CHARSET=latin1;
/*!40101 SET character_set_client = @saved_cs_client */;

--
-- Dumping data for table `auth_user_groups`
--

LOCK TABLES `auth_user_groups` WRITE;
/*!40000 ALTER TABLE `auth_user_groups` DISABLE KEYS */;
/*!40000 ALTER TABLE `auth_user_groups` ENABLE KEYS */;
UNLOCK TABLES;

--
-- Table structure for table `auth_user_user_permissions`
--

DROP TABLE IF EXISTS `auth_user_user_permissions`;
/*!40101 SET @saved_cs_client     = @@character_set_client */;
/*!40101 SET character_set_client = utf8 */;
CREATE TABLE `auth_user_user_permissions` (
  `id` int(11) NOT NULL AUTO_INCREMENT,
  `user_id` int(11) NOT NULL,
  `permission_id` int(11) NOT NULL,
  PRIMARY KEY (`id`),
  UNIQUE KEY `auth_user_user_permissions_user_id_14a6b632_uniq` (`user_id`,`permission_id`),
  KEY `auth_user_user_perm_permission_id_1fbb5f2c_fk_auth_permission_id` (`permission_id`),
  CONSTRAINT `auth_user_user_perm_permission_id_1fbb5f2c_fk_auth_permission_id` FOREIGN KEY (`permission_id`) REFERENCES `auth_permission` (`id`),
  CONSTRAINT `auth_user_user_permissions_user_id_a95ead1b_fk_auth_user_id` FOREIGN KEY (`user_id`) REFERENCES `auth_user` (`id`)
) ENGINE=InnoDB DEFAULT CHARSET=latin1;
/*!40101 SET character_set_client = @saved_cs_client */;

--
-- Dumping data for table `auth_user_user_permissions`
--

LOCK TABLES `auth_user_user_permissions` WRITE;
/*!40000 ALTER TABLE `auth_user_user_permissions` DISABLE KEYS */;
/*!40000 ALTER TABLE `auth_user_user_permissions` ENABLE KEYS */;
UNLOCK TABLES;

--
-- Table structure for table `django_admin_log`
--

DROP TABLE IF EXISTS `django_admin_log`;
/*!40101 SET @saved_cs_client     = @@character_set_client */;
/*!40101 SET character_set_client = utf8 */;
CREATE TABLE `django_admin_log` (
  `id` int(11) NOT NULL AUTO_INCREMENT,
  `action_time` datetime(6) NOT NULL,
  `object_id` longtext,
  `object_repr` varchar(200) NOT NULL,
  `action_flag` smallint(5) unsigned NOT NULL,
  `change_message` longtext NOT NULL,
  `content_type_id` int(11) DEFAULT NULL,
  `user_id` int(11) NOT NULL,
  PRIMARY KEY (`id`),
  KEY `django_admin__content_type_id_c4bce8eb_fk_django_content_type_id` (`content_type_id`),
  KEY `django_admin_log_user_id_c564eba6_fk_auth_user_id` (`user_id`),
  CONSTRAINT `django_admin__content_type_id_c4bce8eb_fk_django_content_type_id` FOREIGN KEY (`content_type_id`) REFERENCES `django_content_type` (`id`),
  CONSTRAINT `django_admin_log_user_id_c564eba6_fk_auth_user_id` FOREIGN KEY (`user_id`) REFERENCES `auth_user` (`id`)
) ENGINE=InnoDB AUTO_INCREMENT=328 DEFAULT CHARSET=latin1;
/*!40101 SET character_set_client = @saved_cs_client */;

--
-- Dumping data for table `django_admin_log`
--

LOCK TABLES `django_admin_log` WRITE;
/*!40000 ALTER TABLE `django_admin_log` DISABLE KEYS */;
INSERT INTO `django_admin_log` VALUES (1,'2017-02-05 15:08:19.843262','1','tashan',1,'Added.',8,1),(2,'2017-02-05 15:10:00.458662','1','tashan',2,'Changed description.',8,1),(3,'2017-02-05 15:11:15.279097','1','tashan',2,'Changed description.',8,1),(4,'2017-02-05 18:36:23.905057','1','tashan',2,'Changed eventtype.',8,2),(5,'2017-02-05 18:38:48.313537','1','tashan',2,'Changed num_participants.',8,2),(6,'2017-02-06 04:12:01.798091','1','tashan',2,'Changed description.',8,1),(7,'2017-02-06 04:59:27.025961','2','choreo-night',1,'Added.',8,1),(8,'2017-02-06 05:39:33.975477','3','hush',1,'Added.',8,1),(9,'2017-02-06 05:43:10.107910','4','insight',1,'Added.',8,1),(10,'2017-02-06 05:45:17.249509','5','nightwar',1,'Added.',8,1),(11,'2017-02-06 05:47:15.538004','6','marconis-corner',1,'Added.',8,1),(12,'2017-02-06 05:48:37.142193','7','ragna-rock-band-war',1,'Added.',8,2),(13,'2017-02-06 05:49:40.146964','5','nightwar',2,'Changed name.',8,2),(14,'2017-02-06 05:50:14.682753','8','slam-dunk',1,'Added.',8,1),(15,'2017-02-06 05:51:14.444298','9','lets-football',1,'Added.',8,1),(16,'2017-02-06 05:53:03.972795','10','doodle-dime',1,'Added.',8,1),(17,'2017-02-06 06:09:39.914339','11','dead-mans-chest',1,'Added.',8,1),(18,'2017-02-06 06:10:40.206264','12','voice-of-bharatham',1,'Added.',8,1),(19,'2017-02-06 06:17:35.167806','4','insight',2,'Changed description and fullimage.',8,1),(20,'2017-02-06 06:18:13.515971','5','nightwar',2,'Changed description and fullimage.',8,1),(21,'2017-02-06 06:19:04.003690','6','marconis-corner',2,'Changed description and fullimage.',8,1),(22,'2017-02-06 06:19:57.092445','7','ragna-rock-band-war',2,'Changed description and fullimage.',8,1),(23,'2017-02-06 06:20:25.935997','8','slam-dunk',2,'Changed description and fullimage.',8,1),(24,'2017-02-06 06:21:09.427173','9','lets-football',2,'Changed description and fullimage.',8,1),(25,'2017-02-06 06:21:35.646558','10','doodle-dime',2,'Changed fullimage.',8,1),(26,'2017-02-06 06:22:03.274291','11','dead-mans-chest',2,'Changed description.',8,1),(27,'2017-02-06 06:22:34.056609','12','voice-of-bharatham',2,'Changed description.',8,1),(28,'2017-02-06 06:24:58.477935','13','two-to-tango',1,'Added.',8,1),(29,'2017-02-06 06:26:28.575021','14','first-cut',1,'Added.',8,1),(30,'2017-02-06 06:27:47.550946','15','foot-loose',1,'Added.',8,1),(31,'2017-02-06 06:29:29.534039','16','monochromatism',1,'Added.',8,1),(32,'2017-02-06 06:30:36.739309','17','tremors',1,'Added.',8,2),(33,'2017-02-06 06:31:21.568510','18','mr-and-miss-bharatham',1,'Added.',8,1),(34,'2017-02-06 06:31:30.685230','9','lets-football',2,'Changed name.',8,2),(35,'2017-02-06 06:31:49.636974','18','mr-and-miss-bharatham',2,'Changed name.',8,2),(36,'2017-02-06 06:34:17.183181','6','marconis-corner',2,'Changed name.',8,2),(37,'2017-02-06 06:34:34.227706','7','ragna-rock-band-war',2,'Changed name.',8,2),(38,'2017-02-06 06:35:55.229024','4','insight',2,'Changed name.',8,2),(39,'2017-02-06 06:37:36.142726','1','eventhead object',1,'Added.',12,2),(40,'2017-02-06 06:37:52.166053','2','eventhead object',1,'Added.',12,2),(41,'2017-02-06 06:39:05.608114','3','eventhead object',1,'Added.',12,2),(42,'2017-02-06 06:40:05.862976','4','eventhead object',1,'Added.',12,2),(43,'2017-02-06 06:40:28.961926','5','eventhead object',1,'Added.',12,2),(44,'2017-02-06 06:40:47.929012','6','eventhead object',1,'Added.',12,2),(45,'2017-02-06 06:40:59.299875','7','eventhead object',1,'Added.',12,2),(46,'2017-02-06 06:41:41.579013','8','eventhead object',1,'Added.',12,2),(47,'2017-02-06 06:41:59.816342','9','eventhead object',1,'Added.',12,2),(48,'2017-02-06 06:42:15.155529','10','eventhead object',1,'Added.',12,2),(49,'2017-02-06 06:42:53.467611','11','eventhead object',1,'Added.',12,2),(50,'2017-02-06 06:43:26.476862','12','eventhead object',1,'Added.',12,2),(51,'2017-02-06 06:43:42.007037','13','eventhead object',1,'Added.',12,2),(52,'2017-02-06 06:43:57.970966','14','eventhead object',1,'Added.',12,2),(53,'2017-02-06 06:44:27.477518','15','eventhead object',1,'Added.',12,2),(54,'2017-02-06 06:44:39.142157','16','eventhead object',1,'Added.',12,2),(55,'2017-02-06 06:44:55.811829','17','eventhead object',1,'Added.',12,2),(56,'2017-02-06 06:45:10.368848','18','eventhead object',1,'Added.',12,2),(57,'2017-02-06 06:45:21.366691','19','eventhead object',1,'Added.',12,2),(58,'2017-02-06 06:46:08.778348','20','eventhead object',1,'Added.',12,2),(59,'2017-02-06 06:46:21.316196','21','eventhead object',1,'Added.',12,2),(60,'2017-02-06 06:47:00.113986','2','choreo-night',2,'Changed image and fullimage.',8,1),(61,'2017-02-06 06:47:39.010172','4','insight',2,'Changed image and fullimage.',8,1),(62,'2017-02-06 06:48:08.246008','22','eventhead object',1,'Added.',12,2),(63,'2017-02-06 06:48:24.326276','23','eventhead object',1,'Added.',12,2),(64,'2017-02-06 06:48:44.086756','24','eventhead object',1,'Added.',12,2),(65,'2017-02-06 06:49:10.843550','25','eventhead object',1,'Added.',12,2),(66,'2017-02-06 06:49:27.922929','26','eventhead object',1,'Added.',12,2),(67,'2017-02-06 06:49:40.743476','27','eventhead object',1,'Added.',12,2),(68,'2017-02-06 06:49:51.031427','28','eventhead object',1,'Added.',12,2),(69,'2017-02-06 06:50:20.250933','6','marconis-corner',2,'Changed image and fullimage.',8,1),(70,'2017-02-06 06:50:40.923328','29','eventhead object',1,'Added.',12,2),(71,'2017-02-06 06:50:49.698169','30','eventhead object',1,'Added.',12,2),(72,'2017-02-06 06:51:28.895472','31','eventhead object',1,'Added.',12,2),(73,'2017-02-06 06:51:44.125609','12','voice-of-bharatham',2,'Changed image and fullimage.',8,1),(74,'2017-02-06 06:51:59.400064','32','eventhead object',1,'Added.',12,2),(75,'2017-02-06 06:52:26.974940','33','eventhead object',1,'Added.',12,2),(76,'2017-02-06 06:52:35.981988','34','eventhead object',1,'Added.',12,2),(77,'2017-02-06 06:52:46.851879','35','eventhead object',1,'Added.',12,2),(78,'2017-02-06 06:53:09.447579','36','eventhead object',1,'Added.',12,2),(79,'2017-02-06 06:53:52.506109','37','eventhead object',1,'Added.',12,2),(80,'2017-02-06 06:54:39.322201','38','eventhead object',1,'Added.',12,2),(81,'2017-02-06 06:54:51.293795','39','eventhead object',1,'Added.',12,2),(82,'2017-02-06 06:54:55.280102','40','eventhead object',1,'Added.',12,1),(83,'2017-02-06 06:55:05.433421','41','eventhead object',1,'Added.',12,2),(84,'2017-02-06 06:55:06.527262','8','slam-dunk',2,'Changed image and fullimage.',8,1),(85,'2017-02-06 06:55:11.234326','42','eventhead object',1,'Added.',12,1),(86,'2017-02-06 06:55:19.473320','43','eventhead object',1,'Added.',12,2),(87,'2017-02-06 06:55:27.716191','44','eventhead object',1,'Added.',12,1),(88,'2017-02-06 06:56:03.051959','44','eventhead object',3,'',12,2),(89,'2017-02-06 07:00:14.876861','11','dead-mans-chest',2,'Changed image and fullimage.',8,1),(90,'2017-02-06 07:01:28.797854','6','marconis-corner',2,'Changed image and fullimage.',8,1),(91,'2017-02-06 07:01:39.731660','8','slam-dunk',2,'Changed image and fullimage.',8,1),(92,'2017-02-06 07:01:43.074758','16','monochromatism',2,'Changed description.',8,2),(93,'2017-02-06 07:02:07.478060','14','first-cut',2,'Changed description.',8,2),(94,'2017-02-06 07:02:25.469251','13','two-to-tango',2,'Changed description.',8,2),(95,'2017-02-06 07:03:08.972401','11','dead-mans-chest',2,'Changed description.',8,2),(96,'2017-02-06 07:03:28.040946','9','lets-football',2,'Changed description.',8,2),(97,'2017-02-06 07:04:14.762114','8','slam-dunk',2,'Changed description and shortinfo.',8,2),(98,'2017-02-06 07:04:53.743653','6','marconis-corner',2,'Changed description.',8,2),(99,'2017-02-06 07:05:15.597025','5','nightwar',2,'Changed description.',8,2),(100,'2017-02-06 07:05:32.903261','1','tashan',2,'Changed fullimage and prize.',8,1),(101,'2017-02-06 07:05:39.916574','4','insight',2,'Changed description.',8,2),(102,'2017-02-06 07:06:05.748328','2','choreo-night',2,'Changed shortinfo and prize.',8,1),(103,'2017-02-06 07:06:21.171643','1','tashan',2,'Changed shortinfo.',8,1),(104,'2017-02-06 07:06:45.826304','7','ragna-rock-band-war',2,'Changed shortinfo.',8,1),(105,'2017-02-06 07:07:10.695485','2','choreo-night',2,'Changed description and regfee.',8,2),(106,'2017-02-06 07:07:59.451289','3','hush',2,'Changed description and fullimage.',8,2),(107,'2017-02-06 07:08:14.498330','16','monochromatism',2,'Changed image and fullimage.',8,1),(108,'2017-02-06 07:08:55.578384','10','doodle-dime',2,'Changed image and fullimage.',8,1),(109,'2017-02-06 07:09:22.554383','18','mr-and-miss-bharatham',2,'Changed description.',8,2),(110,'2017-02-06 07:09:26.805254','15','foot-loose',2,'Changed image and fullimage.',8,1),(111,'2017-02-06 07:09:39.442384','17','tremors',2,'Changed description.',8,2),(112,'2017-02-06 07:09:53.929328','16','monochromatism',2,'Changed description.',8,2),(113,'2017-02-06 07:10:48.650291','15','foot-loose',2,'Changed description and shortinfo.',8,2),(114,'2017-02-06 07:11:20.024852','14','first-cut',2,'Changed description.',8,2),(115,'2017-02-06 07:11:39.778146','13','two-to-tango',2,'Changed description.',8,2),(116,'2017-02-06 07:12:12.595575','12','voice-of-bharatham',2,'Changed description.',8,2),(117,'2017-02-06 07:13:04.280143','11','dead-mans-chest',2,'Changed description.',8,2),(118,'2017-02-06 07:13:26.983677','1','tashan',2,'Changed image and fullimage.',8,1),(119,'2017-02-06 07:13:32.493754','10','doodle-dime',2,'Changed description.',8,2),(120,'2017-02-06 07:14:14.845071','9','lets-football',2,'Changed description.',8,2),(121,'2017-02-06 07:14:52.545267','7','ragna-rock-band-war',2,'Changed description.',8,2),(122,'2017-02-06 07:15:12.140802','8','slam-dunk',2,'Changed description.',8,2),(123,'2017-02-06 07:15:33.765977','6','marconis-corner',2,'Changed description.',8,2),(124,'2017-02-06 07:15:42.292305','18','mr-and-miss-bharatham',2,'Changed description.',8,2),(125,'2017-02-06 07:15:50.872750','17','tremors',2,'Changed description.',8,2),(126,'2017-02-06 07:15:57.179664','16','monochromatism',2,'Changed description.',8,2),(127,'2017-02-06 07:16:06.004357','15','foot-loose',2,'Changed description.',8,2),(128,'2017-02-06 07:16:14.823068','14','first-cut',2,'Changed description.',8,2),(129,'2017-02-06 07:16:23.511035','13','two-to-tango',2,'Changed description.',8,2),(130,'2017-02-06 07:16:48.200600','12','voice-of-bharatham',2,'Changed description.',8,2),(131,'2017-02-06 07:17:12.528548','11','dead-mans-chest',2,'Changed description.',8,2),(132,'2017-02-06 07:17:25.393575','10','doodle-dime',2,'Changed description.',8,2),(133,'2017-02-06 07:17:37.301883','9','lets-football',2,'Changed description.',8,2),(134,'2017-02-06 07:17:47.894922','8','slam-dunk',2,'Changed description.',8,2),(135,'2017-02-06 07:18:01.088221','7','ragna-rock-band-war',2,'Changed description.',8,2),(136,'2017-02-06 07:18:10.564837','5','nightwar',2,'Changed description.',8,2),(137,'2017-02-06 07:19:13.011329','4','insight',2,'Changed description.',8,2),(138,'2017-02-06 07:19:28.770077','3','hush',2,'Changed description.',8,2),(139,'2017-02-06 07:19:46.414600','2','choreo-night',2,'Changed description.',8,2),(140,'2017-02-06 07:20:02.123238','1','tashan',2,'Changed description.',8,2),(141,'2017-02-06 08:54:24.632762','4','eventhead object',2,'Changed name.',12,2),(142,'2017-02-06 08:54:32.407833','4','eventhead object',2,'No fields changed.',12,2),(143,'2017-02-06 08:59:51.705441','45','eventhead object',1,'Added.',12,2),(144,'2017-02-06 09:01:47.253594','46','eventhead object',1,'Added.',12,2),(145,'2017-02-06 09:18:44.145371','19','pit-stop',1,'Added.',8,2),(146,'2017-02-06 09:20:19.130167','18','mr-and-miss-bharatham',2,'Changed name.',8,2),(147,'2017-02-06 09:20:37.374055','18','mr-and-miss-bharatham',2,'Changed description.',8,2),(148,'2017-02-06 09:20:50.012050','18','mr-and-miss-bharatham',2,'No fields changed.',8,2),(149,'2017-02-06 09:43:33.799411','20','csi',1,'Added.',8,2),(150,'2017-02-06 09:44:21.747161','18','mr-and-miss-bharatham',2,'Changed name.',8,2),(151,'2017-02-06 09:44:36.984237','18','mr-and-miss-bharatham',2,'Changed name.',8,2),(152,'2017-02-06 09:45:12.612806','20','csi',2,'Changed image and fullimage.',8,2),(153,'2017-02-06 09:48:09.794991','47','eventhead object',1,'Added.',12,2),(154,'2017-02-06 09:48:41.364119','48','eventhead object',1,'Added.',12,2),(155,'2017-02-06 10:42:39.222552','4','jyojith',2,'Changed privilege for user_profile \"jyojith FISAT\".',4,1),(156,'2017-02-06 15:50:17.546040','20','csi',2,'Changed image and fullimage.',8,1),(157,'2017-02-06 15:50:42.676940','19','pit-stop',2,'Changed image and fullimage.',8,1),(158,'2017-02-06 15:51:23.571169','3','hush',2,'Changed image and fullimage.',8,1),(159,'2017-02-06 15:51:35.722174','13','two-to-tango',2,'Changed image and fullimage.',8,1),(160,'2017-02-06 15:51:51.521525','14','first-cut',2,'Changed image and fullimage.',8,1),(161,'2017-02-06 15:52:59.750208','14','first-cut',2,'Changed image and fullimage.',8,1),(162,'2017-02-06 15:59:00.185566','17','tremors',2,'Changed image and fullimage.',8,1),(163,'2017-02-06 15:59:16.514595','9','lets-football',2,'Changed image and fullimage.',8,1),(164,'2017-02-06 15:59:34.311417','5','nightwar',2,'Changed image and fullimage.',8,1),(165,'2017-02-06 16:08:49.630325','7','ragna-rock-band-war',2,'Changed image and fullimage.',8,1),(166,'2017-02-06 16:23:10.149006','7','ragna-rock-band-war',2,'Changed image and fullimage.',8,1),(167,'2017-02-06 16:29:25.597303','18','mr-and-miss-bharatham',2,'Changed image and fullimage.',8,1),(168,'2017-02-07 10:00:45.755053','20','csi',2,'Changed description and rules.',8,2),(169,'2017-02-07 10:10:08.121431','20','csi',2,'Changed rules.',8,2),(170,'2017-02-07 10:10:59.219399','19','pit-stop',2,'Changed rules.',8,2),(171,'2017-02-07 10:11:23.063739','18','mr-and-miss-bharatham',2,'Changed description and rules.',8,2),(172,'2017-02-07 10:12:18.479759','17','tremors',2,'Changed description and rules.',8,2),(173,'2017-02-07 10:12:34.245040','16','monochromatism',2,'Changed description and rules.',8,2),(174,'2017-02-07 10:12:47.219068','16','monochromatism',2,'No fields changed.',8,2),(175,'2017-02-07 10:13:20.449022','15','foot-loose',2,'Changed description and rules.',8,2),(176,'2017-02-07 10:13:45.871168','14','first-cut',2,'Changed description and rules.',8,2),(177,'2017-02-07 10:14:20.075190','13','two-to-tango',2,'Changed description and rules.',8,2),(178,'2017-02-07 10:14:53.208837','12','voice-of-bharatham',2,'Changed description and rules.',8,2),(179,'2017-02-07 10:15:11.295816','11','dead-mans-chest',2,'Changed description and rules.',8,2),(180,'2017-02-07 10:15:46.921475','10','doodle-dime',2,'Changed description and rules.',8,2),(181,'2017-02-07 10:16:14.123105','9','lets-football',2,'Changed description and rules.',8,2),(182,'2017-02-07 10:16:29.077112','8','slam-dunk',2,'Changed description and rules.',8,2),(183,'2017-02-07 10:16:43.209107','7','ragna-rock-band-war',2,'Changed description and rules.',8,2),(184,'2017-02-07 10:16:56.888518','6','marconis-corner',2,'Changed description and rules.',8,2),(185,'2017-02-07 10:17:10.728257','5','nightwar',2,'Changed description and rules.',8,2),(186,'2017-02-07 10:17:33.205985','4','insight',2,'Changed description and rules.',8,2),(187,'2017-02-07 10:18:20.992650','2','choreo-night',2,'Changed description and rules.',8,2),(188,'2017-02-07 10:18:37.051096','3','hush',2,'Changed description and rules.',8,2),(189,'2017-02-07 10:19:14.362161','1','tashan',2,'Changed description and rules.',8,2),(190,'2017-02-07 10:19:25.193500','2','choreo-night',2,'No fields changed.',8,2),(191,'2017-02-07 10:22:29.098245','1','tashan',2,'Changed rules.',8,2),(192,'2017-02-07 10:23:01.307200','2','choreo-night',2,'Changed rules.',8,2),(193,'2017-02-07 10:23:34.328377','3','hush',2,'Changed rules.',8,2),(194,'2017-02-07 10:24:16.753693','7','ragna-rock-band-war',2,'No fields changed.',8,2),(195,'2017-02-07 10:25:04.722551','7','ragna-rock-band-war',2,'Changed rules.',8,2),(196,'2017-02-07 10:25:53.275646','7','ragna-rock-band-war',2,'Changed rules.',8,2),(197,'2017-02-07 10:27:00.989402','12','voice-of-bharatham',2,'Changed rules.',8,2),(198,'2017-02-07 10:27:37.025137','14','first-cut',2,'Changed rules.',8,2),(199,'2017-02-07 10:29:09.409520','49','eventhead object',1,'Added.',12,2),(200,'2017-02-07 12:55:26.046845','20','csi',2,'Changed description.',8,2),(201,'2017-02-07 13:44:48.196541','12','voice-of-bharatham',2,'Changed eventtype.',8,2),(202,'2017-02-07 13:48:09.809677','12','voice-of-bharatham',2,'Changed description and rules.',8,2),(203,'2017-02-07 13:55:55.498229','8','event_registration object',3,'',10,2),(204,'2017-02-07 13:55:55.533353','3','event_registration object',3,'',10,2),(205,'2017-02-07 13:55:55.535768','1','event_registration object',3,'',10,2),(206,'2017-02-07 14:00:53.858743','10','abcdefg',3,'',4,2),(207,'2017-02-07 14:02:14.761402','4','jyojith',3,'',4,2),(208,'2017-02-07 14:02:14.763878','5','kiran',3,'',4,2),(209,'2017-02-07 14:02:14.765290','19','kiranv',3,'',4,2),(210,'2017-02-07 14:02:14.767235','6','rtgtdfgfdg',3,'',4,2),(211,'2017-02-07 14:13:06.205764','19','pit-stop',2,'Changed prize.',8,1),(212,'2017-02-07 14:13:18.301085','20','csi',2,'Changed prize.',8,1),(213,'2017-02-07 14:48:23.363444','1','team object',3,'',11,1),(214,'2017-02-07 14:53:17.942429','18','mr-and-miss-bharatham',2,'Changed rules.',8,1),(215,'2017-02-07 14:55:37.584753','18','mr-and-miss-bharatham',2,'Changed rules.',8,1),(216,'2017-02-07 17:03:31.065190','18','sudo_root',3,'',4,1),(217,'2017-02-07 17:35:44.699311','21','gaming-fifa-17',1,'Added.',8,2),(218,'2017-02-07 17:39:52.073553','49','eventhead object',2,'Changed name.',12,1),(219,'2017-02-07 17:40:00.225645','48','eventhead object',2,'Changed name.',12,1),(220,'2017-02-07 17:40:07.378297','47','eventhead object',2,'Changed name.',12,1),(221,'2017-02-07 17:40:13.766180','46','eventhead object',2,'Changed name.',12,1),(222,'2017-02-07 17:40:19.510969','45','eventhead object',2,'Changed name.',12,1),(223,'2017-02-07 17:40:25.348824','43','eventhead object',2,'Changed name.',12,1),(224,'2017-02-07 17:40:34.524461','42','eventhead object',2,'Changed name.',12,1),(225,'2017-02-07 17:40:41.566248','41','eventhead object',2,'Changed name.',12,1),(226,'2017-02-07 17:40:48.116261','40','eventhead object',2,'Changed name.',12,1),(227,'2017-02-07 17:40:54.183418','39','eventhead object',2,'Changed name.',12,1),(228,'2017-02-07 17:41:01.008254','38','eventhead object',2,'Changed name.',12,1),(229,'2017-02-07 17:41:06.646257','37','eventhead object',2,'Changed name.',12,1),(230,'2017-02-07 17:41:14.027705','36','eventhead object',2,'Changed name.',12,1),(231,'2017-02-07 17:41:21.715203','35','eventhead object',2,'Changed name.',12,1),(232,'2017-02-07 17:41:30.003668','34','eventhead object',2,'Changed name.',12,1),(233,'2017-02-07 17:41:36.741476','33','eventhead object',2,'Changed name.',12,1),(234,'2017-02-07 17:41:43.536101','32','eventhead object',2,'Changed name.',12,1),(235,'2017-02-07 17:41:50.926327','31','eventhead object',2,'Changed name.',12,1),(236,'2017-02-07 17:42:02.160276','30','eventhead object',2,'Changed name.',12,1),(237,'2017-02-07 17:42:12.918842','29','eventhead object',2,'Changed name.',12,1),(238,'2017-02-07 17:42:19.773676','28','eventhead object',2,'Changed name.',12,1),(239,'2017-02-07 17:42:29.680007','27','eventhead object',2,'Changed name.',12,1),(240,'2017-02-07 17:42:48.360686','26','eventhead object',2,'Changed name.',12,1),(241,'2017-02-07 17:42:58.598547','25','eventhead object',2,'Changed name.',12,1),(242,'2017-02-07 17:43:08.842924','24','eventhead object',2,'Changed name.',12,1),(243,'2017-02-07 17:43:17.416663','1','tashan',2,'Changed description and rules.',8,1),(244,'2017-02-07 17:43:18.639485','23','eventhead object',2,'Changed name.',12,1),(245,'2017-02-07 17:43:27.438993','22','eventhead object',2,'Changed name.',12,1),(246,'2017-02-07 17:43:37.481552','21','eventhead object',2,'Changed name.',12,1),(247,'2017-02-07 17:43:47.218053','21','gaming-fifa-17',2,'Changed prize.',8,1),(248,'2017-02-07 17:43:50.640499','20','eventhead object',2,'Changed name.',12,1),(249,'2017-02-07 17:44:00.764595','19','eventhead object',2,'Changed name.',12,1),(250,'2017-02-07 17:44:09.470994','18','eventhead object',2,'Changed name.',12,1),(251,'2017-02-07 17:44:17.214550','17','eventhead object',2,'Changed name.',12,1),(252,'2017-02-07 17:44:26.068651','16','eventhead object',2,'Changed name.',12,1),(253,'2017-02-07 17:44:35.144587','15','eventhead object',2,'Changed name.',12,1),(254,'2017-02-07 17:44:44.017794','14','eventhead object',2,'Changed name.',12,1),(255,'2017-02-07 17:44:55.408640','13','eventhead object',2,'Changed name.',12,1),(256,'2017-02-07 17:45:04.189754','10','eventhead object',2,'Changed name.',12,1),(257,'2017-02-07 17:45:15.400693','12','eventhead object',2,'Changed name.',12,1),(258,'2017-02-07 17:45:25.258682','11','eventhead object',2,'Changed name.',12,1),(259,'2017-02-07 17:45:33.778832','9','eventhead object',2,'Changed name.',12,1),(260,'2017-02-07 17:45:44.260172','8','eventhead object',2,'Changed name.',12,1),(261,'2017-02-07 17:45:56.573227','7','eventhead object',2,'Changed name.',12,1),(262,'2017-02-07 17:46:06.407012','6','eventhead object',2,'Changed name.',12,1),(263,'2017-02-07 17:46:16.437264','5','eventhead object',2,'Changed name.',12,1),(264,'2017-02-07 17:46:24.717468','4','eventhead object',2,'Changed name.',12,1),(265,'2017-02-07 17:46:33.157328','3','eventhead object',2,'Changed name.',12,1),(266,'2017-02-07 17:46:47.432527','2','eventhead object',2,'Changed name.',12,1),(267,'2017-02-07 17:46:55.716168','1','eventhead object',2,'Changed name.',12,1),(268,'2017-02-07 17:50:17.604428','27','kiran',2,'Changed password.',4,1),(269,'2017-02-07 17:50:27.668707','1','tashan',2,'Changed description and rules.',8,1),(270,'2017-02-07 18:21:27.382669','22','gaming-counter-strike',1,'Added.',8,2),(271,'2017-02-07 18:22:10.960961','22','gaming-counter-strike',2,'Changed name.',8,2),(272,'2017-02-07 18:23:08.430053','22','gaming-counter-strike',2,'Changed shortinfo.',8,2),(273,'2017-02-07 18:23:40.536772','22','gaming-counter-strike',2,'Changed description.',8,2),(274,'2017-02-07 18:33:42.868814','50','eventhead object',1,'Added.',12,2),(275,'2017-02-07 18:35:22.249912','51','eventhead object',1,'Added.',12,2),(276,'2017-02-07 18:38:06.505227','52','eventhead object',1,'Added.',12,2),(277,'2017-02-07 18:39:35.336531','53','eventhead object',1,'Added.',12,2),(278,'2017-02-07 18:43:49.933156','22','gaming-counter-strike',2,'Changed rules.',8,2),(279,'2017-02-07 18:53:39.921317','19','pit-stop',2,'Changed name.',8,2),(280,'2017-02-07 19:27:16.178171','21','gaming-fifa-17',2,'Changed rules.',8,2),(281,'2017-02-07 19:35:26.547044','41','event_registration object',3,'',10,2),(282,'2017-02-07 19:35:26.550239','40','event_registration object',3,'',10,2),(283,'2017-02-07 19:35:26.552896','39','event_registration object',3,'',10,2),(284,'2017-02-07 19:35:26.554823','38','event_registration object',3,'',10,2),(285,'2017-02-07 19:35:26.556866','37','event_registration object',3,'',10,2),(286,'2017-02-07 19:35:26.558280','36','event_registration object',3,'',10,2),(287,'2017-02-07 19:35:26.560284','31','event_registration object',3,'',10,2),(288,'2017-02-07 19:35:57.419777','34','event_registration object',3,'',10,2),(289,'2017-02-07 19:40:04.445851','3','djnago',3,'',4,2),(290,'2017-02-07 19:41:12.893141','37','neenushaji',3,'',4,2),(291,'2017-02-07 19:51:00.754102','22','gaming-counter-strike',2,'Changed image and fullimage.',8,1),(292,'2017-02-07 19:51:23.896038','21','gaming-fifa-17',2,'Changed image and fullimage.',8,1),(293,'2017-02-07 21:21:12.823764','38','admintashan',1,'Added. Added user_profile \"admintashan FISAT\".',4,1),(294,'2017-02-07 21:22:04.168549','39','adminchoreonight',1,'Added. Added user_profile \"adminchoreonight FISAT\".',4,1),(295,'2017-02-07 21:22:32.933429','40','adminhush',1,'Added. Added user_profile \"adminhush FISAT\".',4,1),(296,'2017-02-07 21:23:03.548953','41','admininsight',1,'Added. Added user_profile \"admininsight FISAT\".',4,1),(297,'2017-02-07 21:23:45.593852','42','adminnightwar',1,'Added. Added user_profile \"adminnightwar FISAT\".',4,1),(298,'2017-02-07 21:24:40.399670','43','adminmarconi',1,'Added. Added user_profile \"adminmarconi FISAT\".',4,1),(299,'2017-02-07 21:25:22.884842','44','adminragnarock',1,'Added. Added user_profile \"adminragnarock FISAT\".',4,1),(300,'2017-02-07 21:25:56.257973','45','adminslamdunk',1,'Added. Added user_profile \"adminslamdunk FISAT\".',4,1),(301,'2017-02-07 21:26:42.545146','46','adminfootball',1,'Added. Added user_profile \"adminfootball FISAT\".',4,1),(302,'2017-02-07 21:27:04.527728','47','admindoodle',1,'Added. Added user_profile \"admindoodle FISAT\".',4,1),(303,'2017-02-07 21:27:27.616033','48','admindeadman',1,'Added. Added user_profile \"admindeadman FISAT\".',4,1),(304,'2017-02-07 21:27:54.811017','49','adminvoice',1,'Added. Added user_profile \"adminvoice FISAT\".',4,1),(305,'2017-02-07 21:28:19.281461','50','admintwototango',1,'Added. Added user_profile \"admintwototango FISAT\".',4,1),(306,'2017-02-07 21:28:40.320133','51','adminfirstcut',1,'Added. Added user_profile \"adminfirstcut FISAT\".',4,1),(307,'2017-02-07 21:29:02.126722','52','adminfootloose',1,'Added. Added user_profile \"adminfootloose FISAT\".',4,1),(308,'2017-02-07 21:29:34.097470','53','adminmono',1,'Added. Added user_profile \"adminmono FISAT\".',4,1),(309,'2017-02-07 21:30:00.394532','54','admintremors',1,'Added. Added user_profile \"admintremors FISAT\".',4,1),(310,'2017-02-07 21:30:36.470365','55','adminmrms',1,'Added. Added user_profile \"adminmrms FISAT\".',4,1),(311,'2017-02-07 21:31:07.883147','56','adminpitstop',1,'Added. Added user_profile \"adminpitstop FISAT\".',4,1),(312,'2017-02-07 21:31:33.784803','57','admincsi',1,'Added. Added user_profile \"admincsi FISAT\".',4,1),(313,'2017-02-07 21:32:00.963895','58','adminfifa',1,'Added. Added user_profile \"adminfifa FISAT\".',4,1),(314,'2017-02-07 21:32:34.351037','59','admincs',1,'Added. Added user_profile \"admincs FISAT\".',4,1),(315,'2017-02-07 21:49:57.545309','15','foot-loose',2,'Changed description.',8,2),(316,'2017-02-08 09:08:31.738963','22','gaming-counter-strike',2,'Changed description.',8,2),(317,'2017-02-08 09:09:19.254665','11','dead-mans-chest',2,'Changed regfee.',8,1),(318,'2017-02-08 09:10:10.843813','19','pit-stop',2,'No fields changed.',8,2),(319,'2017-02-08 09:10:39.858702','11','dead-mans-chest',2,'Changed rules.',8,1),(320,'2017-02-08 09:11:45.754853','21','gaming-fifa-17',2,'Changed rules.',8,2),(321,'2017-02-08 09:13:47.414607','20','csi',2,'Changed rules.',8,2),(322,'2017-02-08 13:17:50.674794','26','team object',3,'',11,2),(323,'2017-02-08 13:17:50.679997','24','team object',3,'',11,2),(324,'2017-02-08 13:18:40.418025','21','team object',3,'',11,2),(325,'2017-02-08 18:11:51.517535','27','kiran',2,'Changed is_staff.',4,1),(326,'2017-02-08 18:14:05.430237','27','kiran',2,'Changed is_superuser.',4,1),(327,'2017-02-08 18:25:39.366471','74','jeffindavid',2,'Changed privilege for user_profile \"jeffindavid FISAT\".',4,27);
/*!40000 ALTER TABLE `django_admin_log` ENABLE KEYS */;
UNLOCK TABLES;

--
-- Table structure for table `django_content_type`
--

DROP TABLE IF EXISTS `django_content_type`;
/*!40101 SET @saved_cs_client     = @@character_set_client */;
/*!40101 SET character_set_client = utf8 */;
CREATE TABLE `django_content_type` (
  `id` int(11) NOT NULL AUTO_INCREMENT,
  `app_label` varchar(100) NOT NULL,
  `model` varchar(100) NOT NULL,
  PRIMARY KEY (`id`),
  UNIQUE KEY `django_content_type_app_label_76bd3d3b_uniq` (`app_label`,`model`)
) ENGINE=InnoDB AUTO_INCREMENT=13 DEFAULT CHARSET=latin1;
/*!40101 SET character_set_client = @saved_cs_client */;

--
-- Dumping data for table `django_content_type`
--

LOCK TABLES `django_content_type` WRITE;
/*!40000 ALTER TABLE `django_content_type` DISABLE KEYS */;
INSERT INTO `django_content_type` VALUES (1,'admin','logentry'),(3,'auth','group'),(2,'auth','permission'),(4,'auth','user'),(5,'contenttypes','contenttype'),(10,'eventregister','event_registration'),(11,'eventregister','team'),(9,'eventregister','user_profile'),(8,'events','event'),(12,'events','eventhead'),(7,'registration','registrationprofile'),(6,'sessions','session');
/*!40000 ALTER TABLE `django_content_type` ENABLE KEYS */;
UNLOCK TABLES;

--
-- Table structure for table `django_migrations`
--

DROP TABLE IF EXISTS `django_migrations`;
/*!40101 SET @saved_cs_client     = @@character_set_client */;
/*!40101 SET character_set_client = utf8 */;
CREATE TABLE `django_migrations` (
  `id` int(11) NOT NULL AUTO_INCREMENT,
  `app` varchar(255) NOT NULL,
  `name` varchar(255) NOT NULL,
  `applied` datetime(6) NOT NULL,
  PRIMARY KEY (`id`)
) ENGINE=InnoDB AUTO_INCREMENT=24 DEFAULT CHARSET=latin1;
/*!40101 SET character_set_client = @saved_cs_client */;

--
-- Dumping data for table `django_migrations`
--

LOCK TABLES `django_migrations` WRITE;
/*!40000 ALTER TABLE `django_migrations` DISABLE KEYS */;
INSERT INTO `django_migrations` VALUES (1,'contenttypes','0001_initial','2017-02-02 11:35:05.788900'),(2,'auth','0001_initial','2017-02-02 11:35:06.092996'),(3,'admin','0001_initial','2017-02-02 11:35:06.191213'),(4,'admin','0002_logentry_remove_auto_add','2017-02-02 11:35:06.218687'),(5,'contenttypes','0002_remove_content_type_name','2017-02-02 11:35:06.297893'),(6,'auth','0002_alter_permission_name_max_length','2017-02-02 11:35:06.319059'),(7,'auth','0003_alter_user_email_max_length','2017-02-02 11:35:06.340904'),(8,'auth','0004_alter_user_username_opts','2017-02-02 11:35:06.358222'),(9,'auth','0005_alter_user_last_login_null','2017-02-02 11:35:06.398767'),(10,'auth','0006_require_contenttypes_0002','2017-02-02 11:35:06.401926'),(11,'auth','0007_alter_validators_add_error_messages','2017-02-02 11:35:06.421159'),(12,'eventregister','0001_initial','2017-02-02 11:35:06.585980'),(13,'eventregister','0002_user_profile_privilege','2017-02-02 11:35:06.634368'),(14,'eventregister','0003_team','2017-02-02 11:35:06.711462'),(15,'registration','0001_initial','2017-02-02 11:35:06.771737'),(16,'sessions','0001_initial','2017-02-02 11:35:06.812977'),(17,'events','0001_initial','2017-02-05 14:57:05.910374'),(18,'events','0002_auto_20170205_1602','2017-02-05 18:24:57.420969'),(19,'events','0003_auto_20170206_0453','2017-02-06 04:53:36.078074'),(20,'events','0003_auto_20170206_0501','2017-02-06 05:18:36.351404'),(21,'events','0004_merge','2017-02-06 05:18:36.374341'),(22,'events','0005_event_fullimage','2017-02-06 06:01:20.219757'),(23,'events','0006_auto_20170207_0920','2017-02-07 09:29:46.823287');
/*!40000 ALTER TABLE `django_migrations` ENABLE KEYS */;
UNLOCK TABLES;

--
-- Table structure for table `django_session`
--

DROP TABLE IF EXISTS `django_session`;
/*!40101 SET @saved_cs_client     = @@character_set_client */;
/*!40101 SET character_set_client = utf8 */;
CREATE TABLE `django_session` (
  `session_key` varchar(40) NOT NULL,
  `session_data` longtext NOT NULL,
  `expire_date` datetime(6) NOT NULL,
  PRIMARY KEY (`session_key`),
  KEY `django_session_de54fa62` (`expire_date`)
) ENGINE=InnoDB DEFAULT CHARSET=latin1;
/*!40101 SET character_set_client = @saved_cs_client */;

--
-- Dumping data for table `django_session`
--

LOCK TABLES `django_session` WRITE;
/*!40000 ALTER TABLE `django_session` DISABLE KEYS */;
INSERT INTO `django_session` VALUES ('0hghtr3mzj1ixqiandlezws40rxd86t9','ZmE4OGMyZjBhNDRhODM4YzRkODc1MjhkZWNkMzNjMDI5NGU1NjAxZDp7Il9hdXRoX3VzZXJfaGFzaCI6IjI2NmUyNWJhOTFmODhjZDQyZDcwMjk1YzI3OGI4ZjdhMWM2ZmFlMzEiLCJfYXV0aF91c2VyX2JhY2tlbmQiOiJkamFuZ28uY29udHJpYi5hdXRoLmJhY2tlbmRzLk1vZGVsQmFja2VuZCIsIl9hdXRoX3VzZXJfaWQiOiIxNSJ9','2017-02-21 02:38:02.832262'),('1gk25fmtmnyqcp8bqozhc0tga49nkl8k','ZDBlMmI4ZDE5ZmFhMmVhNmZiMzY4YzdkY2E2YjExNjhmMjc5ZGI1Mjp7Il9hdXRoX3VzZXJfaGFzaCI6ImMxM2UyZTVlNmY1NGFjYzgwNTdkZmZiNTU3ZWM2NWRmMTc1ZGNkOTQiLCJfYXV0aF91c2VyX2JhY2tlbmQiOiJkamFuZ28uY29udHJpYi5hdXRoLmJhY2tlbmRzLk1vZGVsQmFja2VuZCIsIl9hdXRoX3VzZXJfaWQiOiIxIn0=','2017-02-21 19:12:55.786134'),('2718rzddfkx00fu17yz3j2wmpwq0qyg2','NjNmMzZlOTBjMzY4Yjg5MDY2ODhiMmU1N2U4OWI4YjdlNTczYTQ1Mzp7Il9hdXRoX3VzZXJfaGFzaCI6ImY4NTllYzE3MzNlY2MzMWQzZTlkYzRiNDY1YzBkNDBiYjAwZGZlM2EiLCJfYXV0aF91c2VyX2JhY2tlbmQiOiJkamFuZ28uY29udHJpYi5hdXRoLmJhY2tlbmRzLk1vZGVsQmFja2VuZCIsIl9hdXRoX3VzZXJfaWQiOiIyNSJ9','2017-02-21 14:09:35.351753'),('2mrh9f18cvw03lgx1kdkpk09lxv2hay1','YjU0YjRjZjNiNTcxNWM0M2JiYjY5ZTI5NWNhYTVkY2IxNjhhODE5Mjp7Il9hdXRoX3VzZXJfaGFzaCI6IjNlOWFkMmI0OWY4NDg4NTFkZjlmYzBjZTEwOWEzYjA4MjM0MGYwMTUiLCJfYXV0aF91c2VyX2JhY2tlbmQiOiJkamFuZ28uY29udHJpYi5hdXRoLmJhY2tlbmRzLk1vZGVsQmFja2VuZCIsIl9hdXRoX3VzZXJfaWQiOiIzNiJ9','2017-02-21 18:23:57.777450'),('2vr54sy0euolf1uivecen8yekxhwbzx9','ZDBlMmI4ZDE5ZmFhMmVhNmZiMzY4YzdkY2E2YjExNjhmMjc5ZGI1Mjp7Il9hdXRoX3VzZXJfaGFzaCI6ImMxM2UyZTVlNmY1NGFjYzgwNTdkZmZiNTU3ZWM2NWRmMTc1ZGNkOTQiLCJfYXV0aF91c2VyX2JhY2tlbmQiOiJkamFuZ28uY29udHJpYi5hdXRoLmJhY2tlbmRzLk1vZGVsQmFja2VuZCIsIl9hdXRoX3VzZXJfaWQiOiIxIn0=','2017-02-23 05:40:52.658050'),('45b52oz20pw8s8xlexgtw17rmksgyax7','ODA0NGM0ZGY1OWMzNzg0ZjUwNjlkNWNjMjU5ZjVjNzZiNGI0MTliMTp7Il9hdXRoX3VzZXJfaGFzaCI6ImIxNmRhMDkxYmEzOWNlNjA5NzlmNGFmNzNjY2E1YjgzOTFjNGU4MDYiLCJfYXV0aF91c2VyX2JhY2tlbmQiOiJkamFuZ28uY29udHJpYi5hdXRoLmJhY2tlbmRzLk1vZGVsQmFja2VuZCIsIl9hdXRoX3VzZXJfaWQiOiIxNCJ9','2017-02-21 01:43:52.206040'),('4la9msnumpnokvwbaa9472u8duyrr0nh','ZWViOWRmMmZmM2ZjM2I4ODliNDg4NTI1ZDA4OGZjYjVkNjIyYzk3ZDp7Il9hdXRoX3VzZXJfaGFzaCI6ImFjYTZmODBkM2M1MjExMTkyOGE4OWI0NWVmZjk1NzU0ZGVkNWJlYWIiLCJfYXV0aF91c2VyX2JhY2tlbmQiOiJkamFuZ28uY29udHJpYi5hdXRoLmJhY2tlbmRzLk1vZGVsQmFja2VuZCIsIl9hdXRoX3VzZXJfaWQiOiIzNCJ9','2017-02-21 17:08:36.680371'),('50iqbtp3ewmoy1g9qgx586lt2ips25wz','NDNmYjIwZGZiNDk0NDc2ZjAyYmY2NTE1NGEyOTE5N2FhYzZkMWZmMTp7Il9hdXRoX3VzZXJfaGFzaCI6ImFlYjU3MmI5NDU3MDQ2MDQ2Y2NiNmQ2NDZjMDY0MzFlZjMxZDA5YzUiLCJfYXV0aF91c2VyX2JhY2tlbmQiOiJkamFuZ28uY29udHJpYi5hdXRoLmJhY2tlbmRzLk1vZGVsQmFja2VuZCIsIl9hdXRoX3VzZXJfaWQiOiI3MSJ9','2017-02-22 17:36:41.543208'),('58qjv1uughun5t4qrko8tivpn8dqlafw','MTEzMjUzZTlhYzkxMTIyYjE2MDViNWIzYzc5MjIzYTljMDUwMDY5NTp7Il9hdXRoX3VzZXJfaGFzaCI6ImViYzQ2NjVjZjNhOGQwOTFiNzEyNDliOTZiZWQ5ZGYxNDQxODkwOTUiLCJfYXV0aF91c2VyX2JhY2tlbmQiOiJkamFuZ28uY29udHJpYi5hdXRoLmJhY2tlbmRzLk1vZGVsQmFja2VuZCIsIl9hdXRoX3VzZXJfaWQiOiIxMSJ9','2017-02-20 17:57:17.072943'),('5h16e4zaeiakmn8pn2plozgtii6grkx0','ZDY2ZjQ3N2Q3N2ZkZTAzYWNmZDhmMWU1NDI0ZmZjN2E3ZThkZTcwOTp7Il9hdXRoX3VzZXJfaGFzaCI6ImRhMGRjMTc1YWE2ZDhlNGRjMjI0MTczNWZhZmZiMzFmNDIyZTAwMGMiLCJfYXV0aF91c2VyX2JhY2tlbmQiOiJkamFuZ28uY29udHJpYi5hdXRoLmJhY2tlbmRzLk1vZGVsQmFja2VuZCIsIl9hdXRoX3VzZXJfaWQiOiIzMyJ9','2017-02-21 16:56:57.112685'),('5ptkfnocoqrbrkgdfm2x0phsbeyx07cf','ZTIxZGY4NTE5MDA2ZDJmZDMxNmY0MDZkNmU3NzYzZGQ2ZThjODVkMDp7Il9hdXRoX3VzZXJfaGFzaCI6ImQ3YmQ4NGQ5OWE5YmI1M2I0MjhmZGZjYTM1OTg2YzJkNmYzODBjYTIiLCJfYXV0aF91c2VyX2lkIjoiOCIsIl9hdXRoX3VzZXJfYmFja2VuZCI6ImRqYW5nby5jb250cmliLmF1dGguYmFja2VuZHMuTW9kZWxCYWNrZW5kIn0=','2017-02-20 16:57:18.059913'),('5xbydmxx9bhncfs1zb43gyja72nhrc8d','MDI0YWQyNDk4MTMzMmE2ZDAxNTA0ODRiYWFjOWEwYzFmMmQ2NDEyYzp7Il9hdXRoX3VzZXJfaGFzaCI6Ijg0NDEwOTM5MzU4N2IxNjkzZjg0Y2E3OTA5NTQ3ZDcyNjk0YWM4MGMiLCJfYXV0aF91c2VyX2JhY2tlbmQiOiJkamFuZ28uY29udHJpYi5hdXRoLmJhY2tlbmRzLk1vZGVsQmFja2VuZCIsIl9hdXRoX3VzZXJfaWQiOiIxOCJ9','2017-02-21 05:34:42.613365'),('6deappqzez1jpb8mo37rvkur29ivktti','MDA2MTc2MDU3ZGIzYjFiZjllOWM3Y2Q2MWJkMGNlNzIzNTg0MGM5NTp7Il9hdXRoX3VzZXJfaGFzaCI6ImYwZGEyMmZkMWIxZGU4Yjc1ZGE3ZWFhY2I2MDc4N2M1ZDIwZTljZDciLCJfYXV0aF91c2VyX2JhY2tlbmQiOiJkamFuZ28uY29udHJpYi5hdXRoLmJhY2tlbmRzLk1vZGVsQmFja2VuZCIsIl9hdXRoX3VzZXJfaWQiOiIyNyJ9','2017-02-22 18:14:22.866618'),('6mptpusbagl85l6gtdwhzhmwqq39zwky','ZGQ4NTRjMjM0ZTNjYzU5NDJlN2Q0Mjk1N2EyMDNmMWYzMjdiZDdiMzp7Il9hdXRoX3VzZXJfaGFzaCI6IjY1NWY5NzJkOWFiZWZlZTZkYzBmNjIwMTI2MmE2NjM2NGI2ZTk2NWUiLCJfYXV0aF91c2VyX2JhY2tlbmQiOiJkamFuZ28uY29udHJpYi5hdXRoLmJhY2tlbmRzLk1vZGVsQmFja2VuZCIsIl9hdXRoX3VzZXJfaWQiOiIyNyJ9','2017-02-21 14:59:13.514840'),('9407eb1qs3rkuu0rnkmjjqm142uodtzy','ZDBlMmI4ZDE5ZmFhMmVhNmZiMzY4YzdkY2E2YjExNjhmMjc5ZGI1Mjp7Il9hdXRoX3VzZXJfaGFzaCI6ImMxM2UyZTVlNmY1NGFjYzgwNTdkZmZiNTU3ZWM2NWRmMTc1ZGNkOTQiLCJfYXV0aF91c2VyX2JhY2tlbmQiOiJkamFuZ28uY29udHJpYi5hdXRoLmJhY2tlbmRzLk1vZGVsQmFja2VuZCIsIl9hdXRoX3VzZXJfaWQiOiIxIn0=','2017-02-20 04:40:52.232225'),('9maxa21hl76wtaswa26i67ejq6l5sod7','ZGU5NjY2NmQ2NTcwMWIwMGVkYTMzOTJhZDNlMmM1NGRhYTAxYzM4Njp7Il9hdXRoX3VzZXJfaGFzaCI6IjQ0YjAzMTNkMmMyMzYyMGQwYjkyMTE2ZjgxNjNjYjUyNWQyMDVmYzEiLCJfYXV0aF91c2VyX2JhY2tlbmQiOiJkamFuZ28uY29udHJpYi5hdXRoLmJhY2tlbmRzLk1vZGVsQmFja2VuZCIsIl9hdXRoX3VzZXJfaWQiOiI2NyJ9','2017-02-22 17:08:51.107411'),('9p5f2liobtb83ay8kwzj8ojaj6y834fq','ZGJmNjAxNDY5MTlmOTNhNzBkYjBlMDI5OTNjNTQwOTg3ZDUyNmFjMjp7Il9hdXRoX3VzZXJfaGFzaCI6IjQ0NzNmYTRkYmVmMTUyMmEwYzI1Y2YyYzZmMzkyMWFkMGY3OWQyNGMiLCJfYXV0aF91c2VyX2JhY2tlbmQiOiJkamFuZ28uY29udHJpYi5hdXRoLmJhY2tlbmRzLk1vZGVsQmFja2VuZCIsIl9hdXRoX3VzZXJfaWQiOiIxMiJ9','2017-02-20 18:00:55.400804'),('a5el1xnx2cnr5zda14tpz67am4a88ywm','YmFiNjJiOGExYzNiYjRkNmM5ZTU1YzAzODUyNzRlY2EwMDAwODE1YTp7Il9hdXRoX3VzZXJfaGFzaCI6ImJmODY5NjFhNmFlYTYwZGZiZDhkZjcwOWRhNzg1NDNkYTY2YzY5YTciLCJfYXV0aF91c2VyX2JhY2tlbmQiOiJkamFuZ28uY29udHJpYi5hdXRoLmJhY2tlbmRzLk1vZGVsQmFja2VuZCIsIl9hdXRoX3VzZXJfaWQiOiIyOCJ9','2017-02-21 15:20:34.856541'),('ab38erwhqrh4c2bjx9em2fbnc1x3wakl','MDQ5MzIxODQ1ZTlmODllYThkMTRkNzkwOGZlZjdhNzM2ZWE5NTUwNzp7Il9hdXRoX3VzZXJfaGFzaCI6ImU3YzUxNDk3N2FkODdkMTlkZGFmNjc0ZjczMTNiODAyNDA4ZDM1OGMiLCJfYXV0aF91c2VyX2JhY2tlbmQiOiJkamFuZ28uY29udHJpYi5hdXRoLmJhY2tlbmRzLk1vZGVsQmFja2VuZCIsIl9hdXRoX3VzZXJfaWQiOiI3In0=','2017-02-20 16:48:45.094895'),('ax4ugllrwsg3xk8xk826ebuj2iv8n8n2','ODc4NzliMzk0NGY0NThhNmYyNTUyYTg0OWVkMDY3NzY4NjQyNmUxMjp7Il9hdXRoX3VzZXJfaGFzaCI6IjFmOTdmMTJhMmQxOTk4MjRmYjgzMGQ0NjFjMWI4MWUzOThlMGRmNTgiLCJfYXV0aF91c2VyX2JhY2tlbmQiOiJkamFuZ28uY29udHJpYi5hdXRoLmJhY2tlbmRzLk1vZGVsQmFja2VuZCIsIl9hdXRoX3VzZXJfaWQiOiIxNiJ9','2017-02-21 04:25:27.285659'),('c7y90xtz14jq4kv09m4aocstdfxfzft2','NzRkNGMzNTE1MTNmYWJlMzgyZDIwOTEzNTJjYjRkOTgwNDBlN2M3ZTp7Il9hdXRoX3VzZXJfaGFzaCI6IjQyNWQ2M2ExNGY1NjY3MjNmOGMyZjY4NGEwNWRjYTBhZDhjMTllMWEiLCJfYXV0aF91c2VyX2JhY2tlbmQiOiJkamFuZ28uY29udHJpYi5hdXRoLmJhY2tlbmRzLk1vZGVsQmFja2VuZCIsIl9hdXRoX3VzZXJfaWQiOiIyIn0=','2017-02-22 13:15:58.165328'),('c8va5ay7r6iuxgepr3l6ey3qhi6vlm4y','ZTdhMjIxZWE5NGJiODhmZDgxYTEyNDhmZWViYjY5MjA2Yjg5NjYzODp7Il9hdXRoX3VzZXJfaGFzaCI6ImY2MGFhZjQ3ZDg3NjgxNTIyY2ZjNGU1YjE2N2VmYzZjYTViYzllZmUiLCJfYXV0aF91c2VyX2JhY2tlbmQiOiJkamFuZ28uY29udHJpYi5hdXRoLmJhY2tlbmRzLk1vZGVsQmFja2VuZCIsIl9hdXRoX3VzZXJfaWQiOiIyMyJ9','2017-02-21 11:58:38.243161'),('d97tmfg00krjhryae0my6atm8af12x47','OGVmNDEzYTVjYWI4NzZjNmQyYjQxZmM2ZTA1NzliMGUyMzAyYzY1YTp7Il9hdXRoX3VzZXJfaGFzaCI6ImU0ZTNkYjZhNjBlMzNkZmY1NjNiYWVhYzgxMDhmYWM0ZTRjYTBhYzgiLCJfYXV0aF91c2VyX2JhY2tlbmQiOiJkamFuZ28uY29udHJpYi5hdXRoLmJhY2tlbmRzLk1vZGVsQmFja2VuZCIsIl9hdXRoX3VzZXJfaWQiOiI2NSJ9','2017-02-22 15:32:54.033120'),('dzhtcs2dcfuieno12spx8m3fb6sh3pof','YjY2NTc4YzY0NTBlZTIzYzU2NGIyZTY2ZmUwMzE1OTQ4MmZkNjk4ODp7Il9hdXRoX3VzZXJfaGFzaCI6ImY4MTJiYzliNmFmMmVmYjUyYmRjY2ZkYTFkODg1NmI4NzM0ZDFmNWMiLCJfYXV0aF91c2VyX2JhY2tlbmQiOiJkamFuZ28uY29udHJpYi5hdXRoLmJhY2tlbmRzLk1vZGVsQmFja2VuZCIsIl9hdXRoX3VzZXJfaWQiOiIxMCJ9','2017-02-20 17:55:42.561636'),('e5bauhheee64v2e3sg2vbuf045sev8bf','NzRkNGMzNTE1MTNmYWJlMzgyZDIwOTEzNTJjYjRkOTgwNDBlN2M3ZTp7Il9hdXRoX3VzZXJfaGFzaCI6IjQyNWQ2M2ExNGY1NjY3MjNmOGMyZjY4NGEwNWRjYTBhZDhjMTllMWEiLCJfYXV0aF91c2VyX2JhY2tlbmQiOiJkamFuZ28uY29udHJpYi5hdXRoLmJhY2tlbmRzLk1vZGVsQmFja2VuZCIsIl9hdXRoX3VzZXJfaWQiOiIyIn0=','2017-02-21 21:44:31.964018'),('elagfg4zg0n6p9nvie1wd8z1rtetyd06','ZGZkMjQ0YjhjNmEzMWRiM2RjZDQ2ZTNkYmIxNjhlMmY0ZjYxY2E0Njp7Il9hdXRoX3VzZXJfaGFzaCI6ImMwMzIyNjM4ZGU5M2Y3YzQ0ODZjNjQ0ZjgwOGU2N2ZhNDMxYWE3MjciLCJfYXV0aF91c2VyX2JhY2tlbmQiOiJkamFuZ28uY29udHJpYi5hdXRoLmJhY2tlbmRzLk1vZGVsQmFja2VuZCIsIl9hdXRoX3VzZXJfaWQiOiI3NiJ9','2017-02-23 03:56:11.825299'),('fd5pl7fiddf4pghnik8cnsvrzomckbqt','YjhlY2I4MzE2NWQ5OWQ3YWQ4YzY2MzI3YzA1MDYyNmZhNTI4NjZmYTp7Il9hdXRoX3VzZXJfaGFzaCI6ImEzOGE3NjQ1N2RiOTIxY2E5NjgyMWM1ZGY4ZDA0ZDI0NGQ1MGJlYmIiLCJfYXV0aF91c2VyX2JhY2tlbmQiOiJkamFuZ28uY29udHJpYi5hdXRoLmJhY2tlbmRzLk1vZGVsQmFja2VuZCIsIl9hdXRoX3VzZXJfaWQiOiIxNyJ9','2017-02-21 05:18:40.773468'),('fgrk3uhfyvjsyncuurysir4da1zvygcq','MzlmMjA2ZjQ5MTNmZmYxODkyYjlkNTEzOTQyZTU4ODc0ZDA3MTM2ODp7Il9hdXRoX3VzZXJfaGFzaCI6Ijk0YTY3NTcwYjYxNTA2NGQzN2JkOGFjNDZmMTQ2NDQyNzY0NjM4ZGEiLCJfYXV0aF91c2VyX2JhY2tlbmQiOiJkamFuZ28uY29udHJpYi5hdXRoLmJhY2tlbmRzLk1vZGVsQmFja2VuZCIsIl9hdXRoX3VzZXJfaWQiOiIyMiJ9','2017-02-21 11:36:00.831495'),('fnf7kain2i48pm7qdg8gdx8b7z5affjn','YTU0YzQ3MDIyYzI4MzI3YWUzYmNmNjUxM2IzZjk5ODIwMmRhNWVmODp7Il9hdXRoX3VzZXJfaGFzaCI6IjY4NTZhMDE1YWYyZWZkYTk3YWIyN2ExZTMwYjQ4NjMyYmFmYTM1YzEiLCJfYXV0aF91c2VyX2JhY2tlbmQiOiJkamFuZ28uY29udHJpYi5hdXRoLmJhY2tlbmRzLk1vZGVsQmFja2VuZCIsIl9hdXRoX3VzZXJfaWQiOiI2OSJ9','2017-02-22 17:18:28.694427'),('ihimqkkb1shryazoqo6lt2lgsnd2bz5e','NzZjNDFmNDg4ZGU2N2QxMzAxNmVjMjZlZDdhMjA3NThmNGNmNWRjMDp7Il9hdXRoX3VzZXJfaGFzaCI6IjU4NmE0MjU4OWExZWQyMmZmMTQyZjBkZWI2MmNjMzc4OTNhZjUzMzYiLCJfYXV0aF91c2VyX2JhY2tlbmQiOiJkamFuZ28uY29udHJpYi5hdXRoLmJhY2tlbmRzLk1vZGVsQmFja2VuZCIsIl9hdXRoX3VzZXJfaWQiOiI2MyJ9','2017-02-22 12:54:35.714888'),('ik7zt6ksfl3l9efnq1nyt6kuquv3epxf','ZmViNDZjNzliNjdjMmFlMzhkYTdkZmZjYTNlMGZjMzI5YTcyNTcxNzp7Il9hdXRoX3VzZXJfaGFzaCI6IjkyNTg5Y2ExN2YwMDZlYTAwODg0NTgzOTljMjhjZmNjYzE1NmFlZGMiLCJfYXV0aF91c2VyX2JhY2tlbmQiOiJkamFuZ28uY29udHJpYi5hdXRoLmJhY2tlbmRzLk1vZGVsQmFja2VuZCIsIl9hdXRoX3VzZXJfaWQiOiIzOSJ9','2017-02-22 15:22:43.538701'),('jezi50vibdx5x468fpo4j1jreq86e1hl','ZDMyM2Q5YWJiYmFmZWY3ZTBjYjk1ZmY0ZjMzMzkzYjhhZDkwNmUwNDp7Il9hdXRoX3VzZXJfaGFzaCI6Ijk5YTAyZjI2MmQ4ZTg2ZWM5YzEwZWQwMTM2N2I4OWMxMmRlMWMwZWEiLCJfYXV0aF91c2VyX2JhY2tlbmQiOiJkamFuZ28uY29udHJpYi5hdXRoLmJhY2tlbmRzLk1vZGVsQmFja2VuZCIsIl9hdXRoX3VzZXJfaWQiOiI5In0=','2017-02-20 17:48:41.428632'),('khsf6atg0l12ocwm58o1qh2d2xrc7rer','ZmViNDZjNzliNjdjMmFlMzhkYTdkZmZjYTNlMGZjMzI5YTcyNTcxNzp7Il9hdXRoX3VzZXJfaGFzaCI6IjkyNTg5Y2ExN2YwMDZlYTAwODg0NTgzOTljMjhjZmNjYzE1NmFlZGMiLCJfYXV0aF91c2VyX2JhY2tlbmQiOiJkamFuZ28uY29udHJpYi5hdXRoLmJhY2tlbmRzLk1vZGVsQmFja2VuZCIsIl9hdXRoX3VzZXJfaWQiOiIzOSJ9','2017-02-22 17:00:58.366396'),('lsbfrbp70dxag38ry1w73104y4w1lrxg','MjE1NmFjNGQ5MTFhZGM4YTBkYjVlZmM1MjAzYmRhNzlhYjU0MmMwYzp7Il9hdXRoX3VzZXJfaGFzaCI6IjY5ZGY1MGViZmU0NDJiNTlhN2I0NDgwOGRjZGZkMmNjYTc5MmNiMDMiLCJfYXV0aF91c2VyX2JhY2tlbmQiOiJkamFuZ28uY29udHJpYi5hdXRoLmJhY2tlbmRzLk1vZGVsQmFja2VuZCIsIl9hdXRoX3VzZXJfaWQiOiI3NyJ9','2017-02-23 04:38:48.069787'),('mana4grla0k25qkmad42ky9x62jutbt1','NTU5MWFmYTg5ZDgzZDE1MTExMWY2ZDllYmI1Y2NiYTM1NjI1ZjZkNDp7Il9hdXRoX3VzZXJfaGFzaCI6ImFmMjc0M2I0MjQyOTQxNWIyMTFkZDQzNTg1M2E4MTAwZmZkZThjOTYiLCJfYXV0aF91c2VyX2JhY2tlbmQiOiJkamFuZ28uY29udHJpYi5hdXRoLmJhY2tlbmRzLk1vZGVsQmFja2VuZCIsIl9hdXRoX3VzZXJfaWQiOiIyOSJ9','2017-02-22 02:15:39.213528'),('mii1cb9ok2e0nejvag97vhe2x74xfr4a','ZDBlMmI4ZDE5ZmFhMmVhNmZiMzY4YzdkY2E2YjExNjhmMjc5ZGI1Mjp7Il9hdXRoX3VzZXJfaGFzaCI6ImMxM2UyZTVlNmY1NGFjYzgwNTdkZmZiNTU3ZWM2NWRmMTc1ZGNkOTQiLCJfYXV0aF91c2VyX2JhY2tlbmQiOiJkamFuZ28uY29udHJpYi5hdXRoLmJhY2tlbmRzLk1vZGVsQmFja2VuZCIsIl9hdXRoX3VzZXJfaWQiOiIxIn0=','2017-02-21 17:54:29.730733'),('mizuuxpxywhccayqa5iogs1yi8g2u2wm','MTNkMDJlOGNjNzAyMjExNWFhZTdkMjhiYzgxZjNhMDg3YWI4MDc3NDp7Il9hdXRoX3VzZXJfaGFzaCI6IjZjOTdiNzk2MTExMzRlYjFjZTU1NjBiNjAwMWEzN2E2Y2U0MGU3NzYiLCJfYXV0aF91c2VyX2JhY2tlbmQiOiJkamFuZ28uY29udHJpYi5hdXRoLmJhY2tlbmRzLk1vZGVsQmFja2VuZCIsIl9hdXRoX3VzZXJfaWQiOiI2MSJ9','2017-02-22 11:28:01.015420'),('mvwg5ddjkzeg744qel87yyzvn40q0ld1','ZDBlMmI4ZDE5ZmFhMmVhNmZiMzY4YzdkY2E2YjExNjhmMjc5ZGI1Mjp7Il9hdXRoX3VzZXJfaGFzaCI6ImMxM2UyZTVlNmY1NGFjYzgwNTdkZmZiNTU3ZWM2NWRmMTc1ZGNkOTQiLCJfYXV0aF91c2VyX2JhY2tlbmQiOiJkamFuZ28uY29udHJpYi5hdXRoLmJhY2tlbmRzLk1vZGVsQmFja2VuZCIsIl9hdXRoX3VzZXJfaWQiOiIxIn0=','2017-02-22 05:19:49.997626'),('nm03wdjq1skon5hutlzz6b43ut4zyq4u','ZGU5NjY2NmQ2NTcwMWIwMGVkYTMzOTJhZDNlMmM1NGRhYTAxYzM4Njp7Il9hdXRoX3VzZXJfaGFzaCI6IjQ0YjAzMTNkMmMyMzYyMGQwYjkyMTE2ZjgxNjNjYjUyNWQyMDVmYzEiLCJfYXV0aF91c2VyX2JhY2tlbmQiOiJkamFuZ28uY29udHJpYi5hdXRoLmJhY2tlbmRzLk1vZGVsQmFja2VuZCIsIl9hdXRoX3VzZXJfaWQiOiI2NyJ9','2017-02-22 17:08:51.482565'),('o3dn4m2lvml114cqu15gk334v0hfbe0h','MDM0ZDlhN2ZhODU4OWY0MjZlYzdhNzZkYjNmNzg3NzdiODZmODdmNDp7Il9hdXRoX3VzZXJfaGFzaCI6IjQzY2MzMmQ1NjEwMWU2ZGJkMjQwYjYzY2MyMDI5MTg2MmU2MGFhMTAiLCJfYXV0aF91c2VyX2JhY2tlbmQiOiJkamFuZ28uY29udHJpYi5hdXRoLmJhY2tlbmRzLk1vZGVsQmFja2VuZCIsIl9hdXRoX3VzZXJfaWQiOiI3MCJ9','2017-02-22 17:21:45.080795'),('oqd9oca41mq0u90u6p5pn6ppus8rjeyr','ZDBlMmI4ZDE5ZmFhMmVhNmZiMzY4YzdkY2E2YjExNjhmMjc5ZGI1Mjp7Il9hdXRoX3VzZXJfaGFzaCI6ImMxM2UyZTVlNmY1NGFjYzgwNTdkZmZiNTU3ZWM2NWRmMTc1ZGNkOTQiLCJfYXV0aF91c2VyX2JhY2tlbmQiOiJkamFuZ28uY29udHJpYi5hdXRoLmJhY2tlbmRzLk1vZGVsQmFja2VuZCIsIl9hdXRoX3VzZXJfaWQiOiIxIn0=','2017-02-21 14:18:38.704564'),('otqlmz8ekwpf9d3x6pkussf7yz5aivgv','YjhlY2I4MzE2NWQ5OWQ3YWQ4YzY2MzI3YzA1MDYyNmZhNTI4NjZmYTp7Il9hdXRoX3VzZXJfaGFzaCI6ImEzOGE3NjQ1N2RiOTIxY2E5NjgyMWM1ZGY4ZDA0ZDI0NGQ1MGJlYmIiLCJfYXV0aF91c2VyX2JhY2tlbmQiOiJkamFuZ28uY29udHJpYi5hdXRoLmJhY2tlbmRzLk1vZGVsQmFja2VuZCIsIl9hdXRoX3VzZXJfaWQiOiIxNyJ9','2017-02-21 05:17:49.003303'),('ptq2e9c3jcnwrog4ft91a7x1etim216z','NGU5ZGE2M2NlNjJiM2FjMDQwYmQ1M2Y5YzA3YTZiZGU0ZmFkY2Q2Yzp7Il9hdXRoX3VzZXJfaGFzaCI6ImE3ZjNjMmVjZmY0MmFjZTc2Y2Y4YmJmMDBkMGIzNTViMjFjZjUyZjQiLCJfYXV0aF91c2VyX2JhY2tlbmQiOiJkamFuZ28uY29udHJpYi5hdXRoLmJhY2tlbmRzLk1vZGVsQmFja2VuZCIsIl9hdXRoX3VzZXJfaWQiOiIzMSJ9','2017-02-21 16:52:00.351475'),('qyyk24jhmwx9amsozpc8dwwtwmvm6yac','NjU2ZDFkMDg0NTQ1ZDMwYzg2YTNlZTkwZjQ3M2RkZGU5ZTEzYjBlMzp7Il9hdXRoX3VzZXJfaGFzaCI6IjBlNWFjZTljYWM4NWE2ZjdlOGZmM2NjNWY3ZWZmYTg2YzZmYjYxOTQiLCJfYXV0aF91c2VyX2JhY2tlbmQiOiJkamFuZ28uY29udHJpYi5hdXRoLmJhY2tlbmRzLk1vZGVsQmFja2VuZCIsIl9hdXRoX3VzZXJfaWQiOiIyIn0=','2017-02-20 09:09:52.829450'),('roimi8idep40cjp2gqojhdknripgjynt','M2VjNjJhZDYyZjkzYWY3ZDA5ZTMyODQxNjE5MmI4ZTM4YTQ0OTIyMTp7Il9hdXRoX3VzZXJfaGFzaCI6ImNkZmFjMTVhZWRkOGRkZDczYTM4MmQyNWZmMmM5MWZlZGY2YWZhMzUiLCJfYXV0aF91c2VyX2JhY2tlbmQiOiJkamFuZ28uY29udHJpYi5hdXRoLmJhY2tlbmRzLk1vZGVsQmFja2VuZCIsIl9hdXRoX3VzZXJfaWQiOiIyNiJ9','2017-02-21 14:35:11.901788'),('slk6dv1ngilbjvkhqcasi0pqxbb9ptcy','N2I1MWQwOGVlNmNmZTlmZjcyOWFjODYyNDE0ZTlhOTFmYWVlZmIzNDp7Il9hdXRoX3VzZXJfaGFzaCI6ImU1MjdjOGExOWYxNjUyOWVkYzdlZTRkMjUwMzg0YTk5MGNkZDg1NTAiLCJfYXV0aF91c2VyX2JhY2tlbmQiOiJkamFuZ28uY29udHJpYi5hdXRoLmJhY2tlbmRzLk1vZGVsQmFja2VuZCIsIl9hdXRoX3VzZXJfaWQiOiI2MCJ9','2017-02-22 07:41:48.965299'),('t1ux1mbml9h1nkarbpkpp1uceuqmoe8s','Y2RjMTI0NWI2MTE3Y2Y3YTI0NGVjMzMzNDkyNmQ5MjQzNmIxMjk5Mjp7Il9hdXRoX3VzZXJfaGFzaCI6IjhhNGU2OGI1NjJmYTczMDBhNGYzODI1ZjI3MDc2NzM5YTI2NThjNjciLCJfYXV0aF91c2VyX2JhY2tlbmQiOiJkamFuZ28uY29udHJpYi5hdXRoLmJhY2tlbmRzLk1vZGVsQmFja2VuZCIsIl9hdXRoX3VzZXJfaWQiOiI3MiJ9','2017-02-22 17:37:15.810505'),('tiawdhoar5c6aqz3rmr18uvli9nbbro1','NDI1ZTc5OTI5ZTY1ODA4M2Q4M2UwZTkyMDhiYmQyNjg2ZTM4OGY5Zjp7Il9hdXRoX3VzZXJfaGFzaCI6IjdjZGFjMTVjOGNlMTczNmVjOTNkY2FjMjhhNGE0NTk3OWNjNzczOWUiLCJfYXV0aF91c2VyX2JhY2tlbmQiOiJkamFuZ28uY29udHJpYi5hdXRoLmJhY2tlbmRzLk1vZGVsQmFja2VuZCIsIl9hdXRoX3VzZXJfaWQiOiI2MiJ9','2017-02-22 11:49:08.402074'),('tpv5q88xtwgv0jtlu15arrbtfnb2l4my','ZDBlMmI4ZDE5ZmFhMmVhNmZiMzY4YzdkY2E2YjExNjhmMjc5ZGI1Mjp7Il9hdXRoX3VzZXJfaGFzaCI6ImMxM2UyZTVlNmY1NGFjYzgwNTdkZmZiNTU3ZWM2NWRmMTc1ZGNkOTQiLCJfYXV0aF91c2VyX2JhY2tlbmQiOiJkamFuZ28uY29udHJpYi5hdXRoLmJhY2tlbmRzLk1vZGVsQmFja2VuZCIsIl9hdXRoX3VzZXJfaWQiOiIxIn0=','2017-02-20 10:42:21.555370'),('tq93azso74onmwchaudxgcd8a6ijeuzd','ZGU5NjY2NmQ2NTcwMWIwMGVkYTMzOTJhZDNlMmM1NGRhYTAxYzM4Njp7Il9hdXRoX3VzZXJfaGFzaCI6IjQ0YjAzMTNkMmMyMzYyMGQwYjkyMTE2ZjgxNjNjYjUyNWQyMDVmYzEiLCJfYXV0aF91c2VyX2JhY2tlbmQiOiJkamFuZ28uY29udHJpYi5hdXRoLmJhY2tlbmRzLk1vZGVsQmFja2VuZCIsIl9hdXRoX3VzZXJfaWQiOiI2NyJ9','2017-02-22 16:14:47.390106'),('tqxj5w5a6486ucuboowkmssyu9v6a62q','MjEwYTM1NzdjMzNhMjY3YzQ0MmE4ZGYyNDFkOThhMDRiMDNjY2M2Mjp7Il9hdXRoX3VzZXJfaGFzaCI6IjhkY2MwODFhZmEyNmUzNDJjZGY4ZmYxOTI4OWE1OTgyMDIxNDQwMjAiLCJfYXV0aF91c2VyX2JhY2tlbmQiOiJkamFuZ28uY29udHJpYi5hdXRoLmJhY2tlbmRzLk1vZGVsQmFja2VuZCIsIl9hdXRoX3VzZXJfaWQiOiIyNCJ9','2017-02-21 14:05:58.543012'),('ttgff318e2s5hb80l5a2w8dkgyzfyui0','NTkwMzQ1NWE3N2ZhN2UxOTdiMTkyMGE2Y2QwZjRkYzU3NWNhODYyMTp7Il9hdXRoX3VzZXJfaGFzaCI6IjFiM2NjMmQwOGZhN2QwYjRkYzFkODAxZWZiMTQ5MDU2NGIyYzliY2IiLCJfYXV0aF91c2VyX2JhY2tlbmQiOiJkamFuZ28uY29udHJpYi5hdXRoLmJhY2tlbmRzLk1vZGVsQmFja2VuZCIsIl9hdXRoX3VzZXJfaWQiOiIyMSJ9','2017-02-21 11:19:40.564150'),('u4qocvjadg36pxnr76fkw40bfs9iog2g','ZDBlMmI4ZDE5ZmFhMmVhNmZiMzY4YzdkY2E2YjExNjhmMjc5ZGI1Mjp7Il9hdXRoX3VzZXJfaGFzaCI6ImMxM2UyZTVlNmY1NGFjYzgwNTdkZmZiNTU3ZWM2NWRmMTc1ZGNkOTQiLCJfYXV0aF91c2VyX2JhY2tlbmQiOiJkamFuZ28uY29udHJpYi5hdXRoLmJhY2tlbmRzLk1vZGVsQmFja2VuZCIsIl9hdXRoX3VzZXJfaWQiOiIxIn0=','2017-02-21 13:51:55.344747'),('uzfpu2b48qcby7ksz3waqsnbd3olhmjz','MTAzZWNjYjI1ZjY2NjBkMWEwZjFhOGFjODFiODdhMWJiOGRiMTg1Nzp7Il9hdXRoX3VzZXJfaGFzaCI6ImQyZDAzMTNhNDIwZGE1OWVjNWZkMzA5OGExOWM2MjgyOGZjNWU4MGEiLCJfYXV0aF91c2VyX2JhY2tlbmQiOiJkamFuZ28uY29udHJpYi5hdXRoLmJhY2tlbmRzLk1vZGVsQmFja2VuZCIsIl9hdXRoX3VzZXJfaWQiOiI2OCJ9','2017-02-22 17:02:37.604580'),('v1cey4wdyrq9u70txvbq76itcfai9q92','M2QwNWFjNzkzOWQxM2FlY2JhNjVkYzA4YjEyMzdiY2U5MjE1ZjRhNTp7Il9hdXRoX3VzZXJfaGFzaCI6IjgwMzNmYTllNTNiODM4NDI0YmFiMmViYTNkNzUxYzZkNTU1MDIxYjUiLCJfYXV0aF91c2VyX2JhY2tlbmQiOiJkamFuZ28uY29udHJpYi5hdXRoLmJhY2tlbmRzLk1vZGVsQmFja2VuZCIsIl9hdXRoX3VzZXJfaWQiOiI1NyJ9','2017-02-21 21:36:05.639050'),('vuz51yte8212tn9zrf28cgbqf07exape','Yjk0ZDdmYTYzODBiNzg0OGQ0NzQ5ZWI5ZGFkZTA5ZmNmNjQ2MjU0ODp7Il9hdXRoX3VzZXJfaGFzaCI6IjYyYjliMTMyZjlhMmNkNjgyMzgwMTk5NjAyMWZhNGUyM2VhMzNjZDQiLCJfYXV0aF91c2VyX2JhY2tlbmQiOiJkamFuZ28uY29udHJpYi5hdXRoLmJhY2tlbmRzLk1vZGVsQmFja2VuZCIsIl9hdXRoX3VzZXJfaWQiOiI2NiJ9','2017-02-22 16:06:35.896909'),('vzt6fxnonh8189bsf5d2x06ijf3rht8l','ZDBlMmI4ZDE5ZmFhMmVhNmZiMzY4YzdkY2E2YjExNjhmMjc5ZGI1Mjp7Il9hdXRoX3VzZXJfaGFzaCI6ImMxM2UyZTVlNmY1NGFjYzgwNTdkZmZiNTU3ZWM2NWRmMTc1ZGNkOTQiLCJfYXV0aF91c2VyX2JhY2tlbmQiOiJkamFuZ28uY29udHJpYi5hdXRoLmJhY2tlbmRzLk1vZGVsQmFja2VuZCIsIl9hdXRoX3VzZXJfaWQiOiIxIn0=','2017-02-21 20:55:49.122331'),('w9elogx6bbz3dltj3ihi0vvft9v7yu9e','ZGJmNjAxNDY5MTlmOTNhNzBkYjBlMDI5OTNjNTQwOTg3ZDUyNmFjMjp7Il9hdXRoX3VzZXJfaGFzaCI6IjQ0NzNmYTRkYmVmMTUyMmEwYzI1Y2YyYzZmMzkyMWFkMGY3OWQyNGMiLCJfYXV0aF91c2VyX2JhY2tlbmQiOiJkamFuZ28uY29udHJpYi5hdXRoLmJhY2tlbmRzLk1vZGVsQmFja2VuZCIsIl9hdXRoX3VzZXJfaWQiOiIxMiJ9','2017-02-20 18:02:36.712747'),('xhqhvtt16nwok7oqimaderoevyx3n6wk','OGM5YzVjNjkyNTAxM2E5OWNjNTYxMWVlOWEwMzZkZjZiODcwNTQ4ZDp7Il9hdXRoX3VzZXJfaGFzaCI6IjQ2Yzk2MmE1OTk0MmI4MmZhNGQ0MGI0ZWQ5Y2YzMzRiODFjZGQ3YzAiLCJfYXV0aF91c2VyX2JhY2tlbmQiOiJkamFuZ28uY29udHJpYi5hdXRoLmJhY2tlbmRzLk1vZGVsQmFja2VuZCIsIl9hdXRoX3VzZXJfaWQiOiIzNSJ9','2017-02-21 17:21:04.644960'),('xxaow5iv663qhtlvuxwgflrx7tb6je00','MmRmMGU4ZDU4OGVmMWZkYmQzMGE4MDMzMzU2NDAyYTQ1Mzk1Y2FhZjp7Il9hdXRoX3VzZXJfaGFzaCI6IjI0ZjM1MmY4OTA0YzM3ODAzYTM0ODg3Y2JlMTY1YmFjMzY2YTM1YWMiLCJfYXV0aF91c2VyX2JhY2tlbmQiOiJkamFuZ28uY29udHJpYi5hdXRoLmJhY2tlbmRzLk1vZGVsQmFja2VuZCIsIl9hdXRoX3VzZXJfaWQiOiIzMCJ9','2017-02-21 16:25:21.750861'),('xzek3lqpsjcnp39r9peq5rsy4xgvl2te','YjhlMDM5MjcxMzIzMzZiZTY1OGY5MTM3NDcwMjI5MDE0MGY2MzUxNDp7Il9hdXRoX3VzZXJfaGFzaCI6IjJhOTJjNjhkZDdlZjIwOTlkM2JmZmNhYWE4NGRiYmI3ODJiY2EyZTgiLCJfYXV0aF91c2VyX2JhY2tlbmQiOiJkamFuZ28uY29udHJpYi5hdXRoLmJhY2tlbmRzLk1vZGVsQmFja2VuZCIsIl9hdXRoX3VzZXJfaWQiOiIzMiJ9','2017-02-21 16:53:24.729581');
/*!40000 ALTER TABLE `django_session` ENABLE KEYS */;
UNLOCK TABLES;

--
-- Table structure for table `eventregister_event_registration`
--

DROP TABLE IF EXISTS `eventregister_event_registration`;
/*!40101 SET @saved_cs_client     = @@character_set_client */;
/*!40101 SET character_set_client = utf8 */;
CREATE TABLE `eventregister_event_registration` (
  `id` int(11) NOT NULL AUTO_INCREMENT,
  `event_id` int(11) NOT NULL,
  `user_id` int(11) NOT NULL,
  PRIMARY KEY (`id`),
  KEY `eventregister_event_registr_event_id_109e9b67_fk_events_event_id` (`event_id`),
  KEY `eventregister_event_registratio_user_id_661e15ba_fk_auth_user_id` (`user_id`),
  CONSTRAINT `eventregister_event_registr_event_id_109e9b67_fk_events_event_id` FOREIGN KEY (`event_id`) REFERENCES `events_event` (`id`),
  CONSTRAINT `eventregister_event_registratio_user_id_661e15ba_fk_auth_user_id` FOREIGN KEY (`user_id`) REFERENCES `auth_user` (`id`)
) ENGINE=InnoDB AUTO_INCREMENT=61 DEFAULT CHARSET=latin1;
/*!40101 SET character_set_client = @saved_cs_client */;

--
-- Dumping data for table `eventregister_event_registration`
--

LOCK TABLES `eventregister_event_registration` WRITE;
/*!40000 ALTER TABLE `eventregister_event_registration` DISABLE KEYS */;
INSERT INTO `eventregister_event_registration` VALUES (5,18,7),(6,19,7),(7,7,8),(14,7,12),(15,4,14),(16,7,15),(17,7,16),(19,18,20),(20,14,20),(21,17,21),(22,1,22),(23,2,22),(24,3,23),(25,7,24),(26,7,25),(27,8,26),(28,4,28),(29,8,30),(30,17,31),(32,7,33),(33,1,34),(35,4,36),(42,7,60),(43,14,29),(44,18,29),(45,9,61),(46,17,62),(47,7,63),(48,11,64),(49,6,64),(50,2,65),(51,7,66),(52,7,67),(53,7,68),(54,12,68),(55,4,69),(56,2,70),(57,21,72),(58,8,73),(59,7,76),(60,7,77);
/*!40000 ALTER TABLE `eventregister_event_registration` ENABLE KEYS */;
UNLOCK TABLES;

--
-- Table structure for table `eventregister_team`
--

DROP TABLE IF EXISTS `eventregister_team`;
/*!40101 SET @saved_cs_client     = @@character_set_client */;
/*!40101 SET character_set_client = utf8 */;
CREATE TABLE `eventregister_team` (
  `id` int(11) NOT NULL AUTO_INCREMENT,
  `name` varchar(100) NOT NULL,
  `event_id` int(11) NOT NULL,
  `teamlead_id` int(11) NOT NULL,
  PRIMARY KEY (`id`),
  KEY `eventregister_team_event_id_0e2e271a_fk_events_event_id` (`event_id`),
  KEY `eventregister_team_teamlead_id_8406fc3d_fk_auth_user_id` (`teamlead_id`),
  CONSTRAINT `eventregister_team_event_id_0e2e271a_fk_events_event_id` FOREIGN KEY (`event_id`) REFERENCES `events_event` (`id`),
  CONSTRAINT `eventregister_team_teamlead_id_8406fc3d_fk_auth_user_id` FOREIGN KEY (`teamlead_id`) REFERENCES `auth_user` (`id`)
) ENGINE=InnoDB AUTO_INCREMENT=41 DEFAULT CHARSET=latin1;
/*!40101 SET character_set_client = @saved_cs_client */;

--
-- Dumping data for table `eventregister_team`
--

LOCK TABLES `eventregister_team` WRITE;
/*!40000 ALTER TABLE `eventregister_team` DISABLE KEYS */;
INSERT INTO `eventregister_team` VALUES (2,'Mechanics',19,7),(3,'NEW SHADE BEHIND',7,8),(9,'Velvet Clouds',7,12),(10,'CASSETES',7,15),(11,'Third eye ',7,16),(13,'Tesseract',14,20),(14,'234324',1,22),(15,'rtrstag',2,22),(16,'Sct Aces',3,23),(17,'Diaries of a Manchild',7,24),(18,'Cellar Door',7,25),(19,'Amal Jyothi',8,26),(20,'',8,30),(22,'Nalukettu',7,33),(23,'THE ROYAL MAYURA',1,34),(27,'Beyond Beats',7,60),(28,'Banana Chips ',14,29),(29,'Sree sankara college',9,61),(30,'The 5th note',7,63),(31,'RELATIVITY',11,64),(32,'RELATIVITY',6,64),(33,'Watch The Freakz (CET)',2,65),(34,'Copper Planet',7,66),(35,'RSET',7,67),(36,'Adwaitham',7,68),(37,'C15',2,70),(38,'TiNy DeMOns',8,73),(39,'Stairs 2 underground',7,76),(40,'Random Proportions',7,77);
/*!40000 ALTER TABLE `eventregister_team` ENABLE KEYS */;
UNLOCK TABLES;

--
-- Table structure for table `eventregister_user_profile`
--

DROP TABLE IF EXISTS `eventregister_user_profile`;
/*!40101 SET @saved_cs_client     = @@character_set_client */;
/*!40101 SET character_set_client = utf8 */;
CREATE TABLE `eventregister_user_profile` (
  `id` int(11) NOT NULL AUTO_INCREMENT,
  `college` varchar(200) NOT NULL,
  `phone_number` varchar(10) NOT NULL,
  `firstname` varchar(255) NOT NULL,
  `lastname` varchar(255) NOT NULL,
  `user_id` int(11) NOT NULL,
  `privilege` smallint(5) unsigned NOT NULL,
  PRIMARY KEY (`id`),
  UNIQUE KEY `user_id` (`user_id`),
  CONSTRAINT `eventregister_user_profile_user_id_4bfecb4a_fk_auth_user_id` FOREIGN KEY (`user_id`) REFERENCES `auth_user` (`id`)
) ENGINE=InnoDB AUTO_INCREMENT=71 DEFAULT CHARSET=latin1;
/*!40101 SET character_set_client = @saved_cs_client */;

--
-- Dumping data for table `eventregister_user_profile`
--

LOCK TABLES `eventregister_user_profile` WRITE;
/*!40000 ALTER TABLE `eventregister_user_profile` DISABLE KEYS */;
INSERT INTO `eventregister_user_profile` VALUES (3,'ASIET','9447948002','Vishnu','G',7,0),(4,'Kits','9995600398','Ameer','Ahammed',8,0),(5,'Nangelil ayurveda medical college ','9495167532','Parvathy ','Pradeep ',9,0),(7,'Viswajyothi college of engineering and technology','9645700894','Akash','Ajith',11,0),(8,'Sree Chitra Thirunal College of Engineering','9497812095','Akhilesh','A',12,0),(9,'VidyadhirajaVidyaBhavan mekkad CBSE school','9539577233','Josh','Jo Jacob Eralil',14,0),(10,'CHRIST COLLEGE','8593042039','ATHUL','PRABHA',15,0),(11,'Aisat','9645549499','Renald','Edan ',16,0),(12,'MESCET','9656060720','Ihlaas ','Samad',17,0),(15,'Adi Sankara','9847223311','Ricky','P',20,0),(16,'siena college of professional studies, Edakochi','8129889303','Darryl','Gaulbert',21,0),(17,'ASAS','9876543219','ASAS','ASAS',22,0),(18,'Sct college of engineering','7736310226','Aswin','Chandran C',23,0),(19,'Mar Athanasius College of Engineering','8547959867','Sachin','Rajeev',24,0),(20,'Adi Shankara institute of engineering science and technology ','9496075821','R','Sivaram',25,0),(21,'Amal Jyothi College of Engineering ','8547692645','Priyanka','Michael',26,0),(22,'fisat','9744568111','kiran','varghese',27,0),(23,'SSET','8111949028','Mohammad','Labeeb',28,0),(24,'kerala varma ','9633647984','jose','shaj',30,0),(25,'Bharata mata college of commerce and arts aluva','8089020484','Akhil ','Krishnan',31,0),(26,'Fisat','9400046450','Vaisakh','S',32,0),(27,'Bhavan\'s law college','9633542844','Maheshwar','Manat',33,0),(28,'Nift','7356516884','Saandra','Salim',34,0),(29,'FISAT','9746793729','Cheri','P',35,0),(30,'College of Engineering Trivandrum','9747894136','Neeraj','Chirakkal',36,0),(32,'FISAT','9400975373','Event','Admin',38,1),(33,'FISAT','0000000000','Event','Admin',39,1),(34,'FISAT','0000000000','Event','A',40,1),(35,'FISAT','0000000000','Event','Admin',41,1),(36,'FISAT','0000000000','Event','Admin',42,0),(37,'FISAT','0000000000','Event','Admin',43,1),(38,'FISAT','0000000000','Event','Admin',44,1),(39,'FISAT','0000000000','Event','Admin',45,1),(40,'FISAT','0000000000','Event','Admin',46,1),(41,'FISAT','0000000000','Event','Admin',47,1),(42,'FISAT','0000000000','Event','Admin',48,1),(43,'FISAT','0000000000','Event','Admin',49,1),(44,'FISAT','0000000000','Event','Admin',50,1),(45,'FISAT','0000000000','Event','Admin',51,1),(46,'FISAT','0000000000','Event','Admin',52,1),(47,'FISAT','0000000000','Event','Admin',53,1),(48,'FISAT','0000000000','Event','Admin',54,1),(49,'FISAT','0000000000','Event','Admin',55,1),(50,'FISAT','0000000000','Event','Admin',56,1),(51,'FISAT','0000000000','Event','Admin',57,1),(52,'FISAT','0000000000','Event','Admin',58,1),(53,'FISAT','0000000000','Event','Admin',59,1),(54,'RSET','9846088124','Vijay','Jacob',60,0),(55,'Sree sankara college','8593933248','Jesto','Mathew',61,0),(56,'FISAT','8943176119','Sahal','Najeeb',62,0),(57,'RSET','9496259701','Sander','Jacob',63,0),(58,'GOVERNMENT ENGINEERING COLLEGE THRISSUR','9497432516','ARYA ','NARAYANAN',64,0),(59,'College of Engineering Trivandrum','9447410881','Akshay','G Nambiar',65,0),(60,'Christ Nagar College','8129445676','Jacob','Abraham',66,0),(61,'Rajagiri ','9020544486','Charls','Roy',67,0),(62,'COE TRIVANDRUM','9446782274','Sagar ','Krishna',68,0),(63,'FISAT','8593939961','Sachin','Raju',69,0),(64,'Mohandas college of engineering trivandrum','9496851230','Akhil','Asok',70,0),(65,'Fisat','9495960464','Sandesh','Sundar',71,0),(66,'Fisat','9495960464','Sandesh','Sundar',72,0),(67,'fisat','9446508365','AKSHAY','NAIR',73,0),(68,'FISAT','9946982429','Jeffin','david',74,1),(69,'Scms school of engineering and technology','9495807487','Vishnu','Kuruppakkad',76,0),(70,'St. Albert\'s College','9633089108','Random ','Proportions',77,0);
/*!40000 ALTER TABLE `eventregister_user_profile` ENABLE KEYS */;
UNLOCK TABLES;

--
-- Table structure for table `events_event`
--

DROP TABLE IF EXISTS `events_event`;
/*!40101 SET @saved_cs_client     = @@character_set_client */;
/*!40101 SET character_set_client = utf8 */;
CREATE TABLE `events_event` (
  `id` int(11) NOT NULL AUTO_INCREMENT,
  `name` varchar(255) NOT NULL,
  `slug` varchar(50) NOT NULL,
  `created` datetime(6) NOT NULL,
  `last_updated` datetime(6) NOT NULL,
  `description` longtext NOT NULL,
  `image` varchar(200) NOT NULL,
  `shortinfo` longtext NOT NULL,
  `venue` varchar(30) NOT NULL,
  `eventtype` varchar(30) NOT NULL,
  `num_participants` int(11) NOT NULL,
  `date` varchar(30) NOT NULL,
  `prize` varchar(30) NOT NULL,
  `regfee` varchar(30) NOT NULL,
  `fullimage` varchar(200) NOT NULL,
  `priority` smallint(5) unsigned NOT NULL,
  `rules` longtext NOT NULL,
  PRIMARY KEY (`id`),
  KEY `events_event_2dbcba41` (`slug`)
) ENGINE=InnoDB AUTO_INCREMENT=23 DEFAULT CHARSET=latin1;
/*!40101 SET character_set_client = @saved_cs_client */;

--
-- Dumping data for table `events_event`
--

LOCK TABLES `events_event` WRITE;
/*!40000 ALTER TABLE `events_event` DISABLE KEYS */;
INSERT INTO `events_event` VALUES (1,'TASHAN','tashan','2017-02-05 15:08:19.841779','2017-02-07 17:50:27.666747','\"Style is a way to say who you are without having to speak.\"\r\n\r\nIts Showtime! Get ready for the madness, magic and glamour. See and be seen at the most stylish event of the year. Preview the hottest trends and get pampered at our premier event TASHAN. \r\n\r\nWhat\'s not to love when there is so much glam in one place. Come, hit the runway at TASHAN and halt by the pitstop of style to be the trendsetter. It\'s never too late to make your mark and be the one who steals the show.','http://bharatham.in/static/events/tashanT.jpg','“Don\'t change to fit the fashion,change the fashion to fit you”\r\nFashion is about dreaming and making other people dream.\r\nIt is a feast for the eyes.\r\nIt\'s a way to express who you are and TASHAN is the avenue to express yourself.\r\nHit the runway in TASHAN , and halt by the pit stop of style,to make make your own style statement.','FISAT','group',0,'18-02-2017','40k','0','http://bharatham.in/static/events/tashan.jpg',0,'Tashan rules and regulations\r\n1. It is compulsory for all the participants and non participants to carry their college IDs in the college premises.\r\n2. Ceilings are not applied for the number of teams from a single college. However,  cross college teams will not be permitted.\r\n3. Timelimit :10+4 min; empty to empty. Each team will have 3-5 mins to interact with the judges.\r\n4. Each team is responsible for clearing the stage after the performance. Exceeding the time limit may cost points.\r\n5. Background music should be in mp3 format and should be submitted in CDs and USBs.\r\n6. There must not be branding of any sort.\r\n7. The decision of judges will be final and cannot be questioned.\r\n8. Team size: maximum 20; 1-5 designers and 8-15 models.\r\n9. Obscenity, Vulgarity and wardrobe malfunction may lead to automatic team disqualification.'),(2,'CHOREO NIGHT','choreo-night','2017-02-06 04:59:27.021988','2017-02-07 10:23:01.305324','DANCE IS THE HIDDEN LANGUAGE OF THE SOUL OF THE BODY. COME ALONG AND GROOVE TO THE MUSIC AND SHOW OFF YOUR FUNKIEST AND MIND BOGGLING MOVES.BECAUSE ITS THE PERFECT FLOOR FOR YOUR TEAM TO DAZE THE AUDIENCE AND BE THE CHAMPIONS !!\r\nPrizes Worth 50k + Direct entries to the semi-Finals of Indywood Talent Hunt at Ramoji Film City, Hyderabad\r\n( http://www.indywood.co.in/ )','http://www.bharatham.in/static/events/choreoT.jpg','DANCE IS THE HIDDEN LANGUAGE OF THE SOUL OF THE BODY. COME ALONG AND GROOVE TO THE MUSIC AND SHOW OFF YOUR FUNKIEST AND MIND BOGGLING MOVES.BECAUSE ITS THE PERFECT FLOOR FOR YOUR TEAM TO DAZE THE AUDIENCE AND BE THE CHAMPIONS !!\r\nPrizes Worth 50k + Direct entries to the semi-Finals of Indywood Talent Hunt at Ramoji Film City, Hyderabad\r\n( http://www.indywood.co.in/ )','FISAT','group',25,'18-02-2017','50k','1500','http://www.bharatham.in/static/events/choreo.jpg',0,'•Any number of teams from each college is allowed. But there should be no common members\r\nbetween teams.\r\n•Members should compulsorily bring there college ID card at the time of registration.\r\n•Each team must have a minimum of 8 members.\r\n•A maximum of 25 dancing members are allowed per team. Additionally each team can have a\r\nmaximum of 3 non-dancing members on stage for lights, music,narration etc.\r\n•Every team should have at least 8 members on stage at any point of dance.\r\n•Time limit: 10 minutes(inclusive of narration, setting up, etc).\r\n•There are no restrictions on choice of music. The music may contain lyrics or spoken words.\r\n•Unruly behaviour can result in disqualification of team.\r\n•Vulgarity in any form is strictly prohibited and may warrant disqualification.\r\n•Use of water, fire or any other inflammable substance is strictly prohibited.\r\n•Organizers reserve the right to cancel any event or prize.\r\n•Props and stage settings are allowed but no additional time for set up will be given. Note: props\r\ninclude objects which are carried by participants.\r\n•All the teams must register online  through BHARATHAM website (www.bharatham.in) .\r\n•Rules are subject to change and will be updated in the official website.\r\n•The judges’ decisions will be final and binding and are not open for review.'),(3,'HUSH','hush','2017-02-06 05:39:33.973837','2017-02-07 10:23:34.326488','Action speaks louder than words!\r\nChaplin movies never failed to bring tears of joy and sorrow to our eyes.\r\nSilent performances even claim a place in Bharata Muni’s ‘Natyasastra’. \r\nDo you too believe that words are not the only way to convey a message?\r\nThen we welcome you to add to our pride by proving it here.','http://bharatham.in/static/events/hushT.jpg','Action speaks louder than words!\r\nChaplin movies never failed to bring tears of joy and sorrow to our eyes.\r\nSilent performances even claim a place in Bharata Muni’s ‘Natyasastra’. \r\nDo you too believe that words are not the only way to convey a message?\r\nThen we welcome you to add to our pride by proving it here.','FISAT','group',0,'18-02-2017','8k','500/team','http://bharatham.in/static/events/hush.jpg',0,'• A maximum of 7 members are allowed per team, along with 2 accompanists.\r\n• Maximum time allotted for each team is 8 minutes.\r\n• Judgment will most likely be based on qualities like idea, creativity of presentation, use of make-up,\r\ncostume, music and general impression.\r\n• Decision of the Judges shall be final.'),(4,'INSIGHT','insight','2017-02-06 05:43:10.105578','2017-02-08 17:18:56.136892','A click to life!!\r\nIf your click to the moment puts a smile on their face, can make them think, increase their curiosity... then waste not...wait not, Bharatham 2017 presents an  exclusive photography contest. \r\nLet world see through your pics.','http://bharatham.in/static/events/insightT.jpg','A click to life!!\r\nIf your click to the moment puts a smile on their face, can make them think, increase their curiosity... then waste not...wait not, Bharatham 2017 presents an  exclusive photography contest. \r\nLet world see through your pics.','FISAT','solo',7,'18-02-2017','5k','150','http://bharatham.in/static/events/insight.jpg',0,'• Participants need to capture elements of the college (only) in photos taken by any camera of their choice.\r\n• The photos can be color or b/w.\r\n• Any number of participants allowed from a college, but it is not a team event.\r\n• A set of 10-15 photos should be submitted.\r\n• The Photos should not have any information regarding the name or college of the participant.\r\n• The judges\' decisions will be final and binding, and are not open to review.'),(5,'NIGHTWAR','nightwar','2017-02-06 05:45:17.248275','2017-02-07 10:17:10.726508','It\'s never nothing visible in the dark.. It\'s your opportunity to showcase the football skills in the dark.. bharatham 2k17 bets it\'s never too easy.','http://bharatham.in/static/events/nightT.jpg','It\'s never nothing visible in the dark.. It\'s your opportunity to showcase the football skills in the dark.. bharatham 2k17 bets it\'s never too easy.','FISAT','group',0,'18-02-2017','6k','100/head','http://bharatham.in/static/events/night.jpg',0,'• The match will be held in a closed dark room\r\n• Each team shall register a maximum of 6 players.\r\n•  Only 3 players per team are allowed in the playing pitch at any one time.\r\n•  Further rules will be provided at the time of the match\r\n• The ball, ground layout, post, jersey will be fluroscent.\r\n• Decision of the referee and the coordinators will be final and binding\r\n• The game will be bare foot and other accessories will be provided'),(6,'MARCONI\'S CORNER','marconis-corner','2017-02-06 05:47:15.536015','2017-02-07 10:16:56.886797','Ever dreamed of being an RJ.\r\nWe give you a chance to live your dream , go live on air, be a voice that matters.\r\nSo, what are you waiting for?','http://bharatham.in/static/events/marconiT.jpg','Ever dreamed of being an RJ.\r\nWe give you a chance to live your dream , go live on air, be a voice that matters.\r\nSo, what are you waiting for?','FISAT','group',0,'18-02-2017','4k','200/team','http://bharatham.in/static/events/marconi.jpg',0,'• A team should consist of 2-4 members.\r\n• All members of a team should be from same \r\n• A student cannot be a part of more than 1 team.\r\n• There is no restriction on the number of teams from an institute.\r\n• All decisions in matters of eligibility, authenticity, and final judgments will be with FISAT team.\r\n• The format and rules of events are subject to change before the start of the event.\r\n• Participation in both the rounds necessary to claim any of the prizes.'),(7,'RAGNA ROCK','ragna-rock-band-war','2017-02-06 05:48:37.141224','2017-02-07 10:25:53.273678','Drum beats tuning with heartbeats!!\r\nDo you believe your music can make ripples? \r\nWait not….let the world live your passion for music!!','http://www.bharatham.in/static/events/bandT.jpg','Drum beats tuning with heartbeats!!\r\nDo you believe your music can make ripples? \r\nWait not….let the world live your passion for music!!','FISAT','group',0,'18-02-2017','35k','800','http://www.bharatham.in/static/events/band.jpg',0,'•Team must check in no later than 15 minutes prior to the competition.\r\n•One entry is defined as a band of maximum 8  participants.No player may belong to more than one\r\nband.Bands can perform in any language. Genre no barrier.\r\n•Each band will be provided with 20 minutes on-stage inclusive of setup time.Exceeding the given\r\n time limit  will result  in negative points.Standard Drum Kit will be provided (if needed).\r\n•No obscenity on the stage will be tolerated. \r\n•The judges\' decisions will be final and binding.\r\n•Bonus Points will be awarded for Own Compositions.'),(8,'SLAM DUNK','slam-dunk','2017-02-06 05:50:14.681027','2017-02-07 10:16:29.075095','The idea is not to block every shot.The idea is to make your opponent believe that you might block every shot. We bring you our street-ball game,a 3 on 3 basketball game.','http://bharatham.in/static/events/basketT.jpg','The idea is not to block every shot.The idea is to make your opponent believe that you might block every shot. We bring you our streetball game, a 3 on 3 basketball game.','FISAT','group',0,'18-02-2017','7k','100/head','http://bharatham.in/static/events/basket.jpg',0,'•Rules will be given in the court.'),(9,'LET\'S FOOTBALL','lets-football','2017-02-06 05:51:14.443464','2017-02-07 10:16:14.121395','All you skillful street players!Heat it up coz the hunt is on to uncover the best street soccer playing team!!','http://bharatham.in/static/events/footT.jpg','All you skillful street players!Heat it up coz the hunt is on to uncover the best street soccer playing team!!','FISAT','group',0,'18-02-2017','10k','100/head','http://www.bharatham.in/static/events/foot.jpg',0,'• Each team shall register a maximum of 6 players.\r\n• Only 3 players per team are allowed in the playing pitch at any one time.\r\n• Further rules will be provided at the time of the match.\r\n• Decision of the referee and the coordinators will be final and binding.'),(10,'DOODLE DIME','doodle-dime','2017-02-06 05:53:03.971784','2017-02-07 10:15:46.919734','We’re looking for a visual artist.\r\nCreate a comic image of the theme we give you.\r\nYou can interpret it however you want to, in cartoon, in comic strip, using caricature, or anything….. and how loudly the cartoon make us laugh and think !\r\nLet the cartoonist in you come up and sketch out!\r\nPrizes worth 3.5k …..','http://bharatham.in/static/events/doodledimeT.jpg','We’re looking for a visual artist.\r\nCreate a comic image of the theme we give you.\r\nYou can interpret it however you want to, in cartoon, in comic strip, using caricature, or anything….. and how loudly the cartoon make us laugh and think !\r\nLet the cartoonist in you come up and sketch out!\r\nPrizes worth 3.5k …..','FISAT','solo',0,'18-02-2017','3.5k','100/head','http://bharatham.in/static/events/doodledime.jpg',0,'•  Registration fee is Rs 100.\r\n• Only BLACK pencils/pens/markers are allowed.\r\n•  A3 sheets(only) will be provided.\r\n•  Time limit: 90 minutes.\r\n•  Topic will be given on spot.\r\n•  Decision of the judges shall be final.'),(11,'DEAD MAN\'S CHEST','dead-mans-chest','2017-02-06 06:09:39.913093','2017-02-08 09:10:39.856995','Mysteries are always a part of the world and solved mysteries make histories!!!!!\r\nExplorers welcome.....  Come along!!!\r\nExplore... Unveil the treasure.... veiled with mysteries.....\r\nGrab the clues.... hints to guide ... remember to misguide as well..\r\nPioneer, drive your savvy.... to discover the hidden treasure.....\r\nBHARATHAM 2017 presents Treasure Hunt.... treacherous paths awaits you.... Walk your way to fun filled adventure ...... walk into the quest for the chest....\r\nFun awaits you.... hunt ... think..... a path of craziness waits for you!!!!','http://bharatham.in/static/events/treasureT.jpg','Mysteries are always a part of the world and solved mysteries make histories!!!!!\r\nExplorers welcome.....  Come along!!!\r\nExplore... Unveil the treasure.... veiled with mysteries.....\r\nGrab the clues.... hints to guide ... remember to misguide as well..\r\nPioneer, drive your savvy.... to discover the hidden treasure.....\r\nBHARATHAM 2017 presents Treasure Hunt.... treacherous paths awaits you.... Walk your way to fun filled adventure ...... walk into the quest for the chest....','FISAT','group',0,'18-02-2017','10k','200/team','http://bharatham.in/static/events/treasure.jpg',0,'•4 explorers form a team. You can register as a team or individually .Registration Fee 200 per team\r\n•There will be elimination if many teams join your exploring path.\r\n•You will be guided with the rest of the rules at the spot of the event.'),(12,'VOICE OF BHARATHAM','voice-of-bharatham','2017-02-06 06:10:40.205187','2017-02-08 17:05:40.792081','Singing is,and has always been an art posessed by everyone,but put on display very rarely.\r\nHere\'s your chance to mesmerise the crowd!! Bring out that captivating voice of yours and win the show!Tune into the mood.. Let the music carry you forth.','http://bharatham.in/static/events/voiceT.jpg','Singing is,and has always been an art posessed by everyone,but put on display very rarely.\r\nHere\'s your chance to mesmerise the crowd!! Bring out that captivating voice of yours and win the show!.Tune into the mood. Let the music carry you forth.','FISAT','solo',1,'18-02-2017','10k','200/team','http://bharatham.in/static/events/voice.jpg',0,'1. Duration of the song must be between 5-8 minutes. Time limit should be strictly followed.\r\n2. Only filmy or folk, Indian language songs can be presented.\r\n3.Participants can bring karaoke track with them or can be accompanied by a member for any instrument (preferably a guitar or keyboard).\r\n4. Fusion of two or more songs is allowed.\r\n5.The decision of the judges shall be final and binding.'),(13,'TWO TO TANGO','two-to-tango','2017-02-06 06:24:58.476401','2017-02-07 10:14:20.073411','Are you a fantastic dancer? That alone is not enough. You need to be the reflection of your partner. Mesmerize the audience with your coordinated performance. Make the screen between you and your pair look like a mirror and set the stage on fire. Be the part of the ultimate split screen competition.','http://bharatham.in/static/events/twoT.jpg','Are you a fantastic dancer? That alone is not enough. You need to be the reflection of your partner. Mesmerize the audience with your coordinated performance. Make the screen between you and your pair look like a mirror and set the stage on fire. Be the part of the ultimate split screen competition.','FISAT','group',0,'18-02-2017','15k','400/team','http://bharatham.in/static/events/two.jpg',0,'•Participants per team 2.\r\n•Team can be a pair of girls or boys.\r\n•Number of team per college : no restriction .\r\n•One member cannot be a part of more than one participating team.\r\n•Registration : online and  on the spot.\r\n•On the spot registrations will be closed after the commencement of the event.\r\n•Style : Any.\r\n•Time limit : 6 minutes (setup + performance).\r\n•Soundtrack must be submitted in mp3 format prior to the event in a pen drive.\r\n•Use of fire, water, colours, oil etc that may damage or dirty the stage is prohibited.'),(14,'FIRST CUT','first-cut','2017-02-06 06:26:28.572184','2017-02-07 10:27:37.023494','Movies are a way of living an imaginary life. A passion for film making can take you a long way to a fascinating world of art and creativity.\r\nIf you eat, live and breathe movies, don’t hesitate to become a part of our event.\r\nWe have a slot for you if you are really passionate about film making. \r\nDo you have a good story and a spotless script? Then, make a short film and enter the contest.','http://bharatham.in/static/events/shortT.jpg','Movies are a way of living an imaginary life. A passion for film making can take you a long way to a fascinating world of art and creativity.\r\nIf you eat, live and breathe movies, don’t hesitate to become a part of our event.\r\nWe have a slot for you if you are really passionate about film making. \r\nDo you have a good story and a spotless script? Then, make a short film and enter the contest.','FISAT','group',0,'18-02-2017','6k','300','http://bharatham.in/static/events/short.jpg',0,'• The entries have to be original. Plagiarized content will lead to disqualification.\r\n• No restriction on the number of entries per college.\r\n• Entries cannot exceed 12 minutes including the time for titles and credits.( Time exceeded short\r\nfilm will be entertained after screening).\r\n• Entries can be in English / Malayalam.\r\n• Subtitles in English are mandatory.\r\n• The number of entries shortlisted and screened at the event will be solely decided by the\r\norganizers and subject to time availability. All rights to screening or disqualification of entries lie\r\nwith the organizers.\r\n• The short film has to be submitted in a CD or a DVD.\r\n• Presence of participants is not a must. The CD or DVD can be sent by postal mail.\r\n• Entries are to be in standard video formats (.avi, .mp4 or .mov only). Participants can encode the\r\nvideo in standard formats.\r\n• Entries must reach the organizers by 11:59 PM on the 17th of February, 2017. Late entries will be\r\nsubject to direct disqualifications.\r\n• The judges\' decisions will be final and binding, and are not open to review.'),(15,'FOOT LOOSE','foot-loose','2017-02-06 06:27:47.549649','2017-02-07 21:49:57.542716','Move with the Music!!!\r\nAre you a versatile dancer???\r\nIf you can move gracefully,Wait not...\r\nStep in to the Bhava Raga Thala Melam BHARATHAM 2k17\'s...\r\n\"FOOTLOOSE\"\r\nCome... Enjoy...','http://bharatham.in/static/events/footlooseT.jpg','Move with music!!!\r\nAre you a versatile dancer???\r\nIf you can move with the gracefully..Wait not.....Step in to the Bhava Raga Thala Melam BHARATHAM 2k17..','FISAT','solo',4,'18-02-2017','5k','200','http://bharatham.in/static/events/footloose.jpg',0,'•Maximum duration – 5 min\r\n•Props will be provided.\r\n•Songs will be provided on spot.\r\n•Performance, costume and general impression should be decent. Indecency in any manner may lead to disqualification.\r\n•The music keeps changing ,you will have to adapt to the beat.\r\n•Weightaage  will be given for adaptation to change of music & pace of beat ,choreography and costume.\r\n•There will be elimination round if necessary.\r\n•Decision of judges will be final.'),(16,'MONOCHROMATISM','monochromatism','2017-02-06 06:29:29.528646','2017-02-07 10:12:47.217249','Because sheets and walls get too mainstream, try your artistic skill on the face of your team mate!\r\nIndulge your imagination and let the face showcase the theme.','http://bharatham.in/static/events/monochromatismT.jpg','Because sheets and walls get too mainstream, try your artistic skill on the face of your team mate!\r\nIndulge your imagination and let the face showcase the theme.','FISAT','group',0,'18-02-2017','3.5k','200','http://bharatham.in/static/events/monochromatism.jpg',0,'•Registration is allowed on the spot\r\n•Only 2 members are allowed per team\r\n•Participants are required to bring their own paints, brushes etc.\r\n•Topic will be given on the spot\r\n•Teams will be judged on the basis of creativity, innovation and design\r\n•Time limit: 90 minutes'),(17,'TREMORS','tremors','2017-02-06 06:30:36.738237','2017-02-08 11:49:38.915140','The wait is over, for Bharatham is back with a bang. Hear the music, feel the beat, dance to the rhythm of your heart and get high with music in your veins. Think you can mix the tunes? Think you can rave the crowd and get their hearts pumping?? Then get behind the console and rock the mob with your ecstatic tunes here at TREMORS, the DJ contest.\r\n\r\nPrizes Worth 30k + Direct entries to the semi-Finals of Indywood Talent Hunt at Ramoji Film City, Hyderabad\r\n( http://www.indywood.co.in/ )','http://www.bharatham.in/static/events/tremorsT.jpg','The wait is over, for Bharatham is back with a bang. Hear the music, feel the beat, dance to the rhythm of your heart and get high with music in your veins. Think you can mix the tunes? Think you can rave the crowd and get their hearts pumping?? Then get behind the console and rock the mob with your ecstatic tunes here at TREMORS, the DJ contest.\r\nPrizes Worth 30k + Direct entries to the semi-Finals of Indywood Talent Hunt at Ramoji Film City, Hyderabad\r\n( http://www.indywood.co.in/ )','FISAT','solo',3,'18-02-2017','30k','800','http://www.bharatham.in/static/events/tremors.jpg',0,'• Each contestant will be given 3 minutes to showcase his/her ability behind the\r\nconsole.\r\n• Contestant must play a mix of 4 tracks for 4 minutes.\r\n• Total Performance time is 7 minutes.\r\n• Contestants must bring their own headphones, CDs and all other needed\r\nequipment.\r\n• Entrants will be judged on factors including tune, number of plays, favorites,\r\npositive feedback, tune selection, originality and technical ability.\r\n• Decision of the judges shall be final.'),(18,'Mr&Ms BHARATHAM','mr-and-miss-bharatham','2017-02-06 06:31:21.567414','2017-02-08 10:47:35.401347','The curtains are raised and the stage is set for the greatest battle for supremacy!!!\r\nThe arena where contestants are pitted against each other and for a prize worth fighting for !!!\r\nBrush up your skills, Gather your wits, Conquer the crowd and Unveil yourself to acquire the Diadem of Mr and Ms Bharatham 2k17.','http://bharatham.in/static/events/mT.jpg','The curtains are raised and the stage is set for the greatest battle for supremacy!!!\r\nThe arena where contestants are pitted against each other and for a prize worth fighting for !!!\r\nBrush up your skills, Gather your wits, Conquer the crowd and Unveil yourself to acquire the Diadem of Mr and Miss Bharatham 2k17.','FISAT','solo',4,'18-02-2017','20k','300','http://www.bharatham.in/static/events/m.jpg',0,'•Keep calm ,and  Take insults to your stride...in the spirit of the competition!\r\n•Adhere to the time limit, Because, you know time is money! \r\n•The mode of communication can be English, Malayalam or a language our judges can understand.\r\n•The fine line between humour and vulgarity shall be respected.\r\n•The Judges decision is final.\r\n•Confidence ,wisdom and talent can win you this crown!'),(19,'PIT STOP','pit-stop','2017-02-06 09:18:44.143220','2017-02-08 09:10:10.842246','A team of 2 members are tested in their skills of handling machines. The team has to jack up the vehicle and disassemble 4 tyres of the car.','http://bharatham.in/static/events/pitT.jpg','A team of 2 members are tested in their skills of handling machines. The team has to jack up the vehicle and disassemble 4 tyres of the car.','FISAT','group',0,'18-02-2017','2K','100','http://bharatham.in/static/events/pit.jpg',0,'•Rules will be given at the venue.'),(20,'CSI','csi','2017-02-06 09:43:33.798000','2017-02-08 09:13:47.412871','The Locard principle states that there always will be some exchange of evidence between the criminal and a crime scene. \r\nBut some people believe that they\'ve committed the perfect crime. \r\nTime to prove them wrong!\r\nSo put on your sleuthing hats and bring out you magnifying glass, because the game, IS ON!','http://bharatham.in/static/events/csiT.jpg','Investigate and solve a crime','FISAT','group',0,'18-02-2017','5K','100','http://bharatham.in/static/events/csi.jpg',0,'RULES NOT YET FINALIZED. TO BE UPDATED SOON:\r\n• Teams are to have a maximum of four members each and a minimum of\r\nthree.\r\n• The event will consist of a preliminary round and a\r\nmain round  to be conducted on the same day.\r\n• Six teams will be selected from the preliminary round to compete in the\r\nmain round.\r\n• The rules and format for both the rounds will be explained on spot.\r\n• The decision of the organizers is final in case of any dispute'),(21,'GAMING : FIFA 17','gaming-fifa-17','2017-02-07 17:35:44.697850','2017-02-08 17:38:32.625513','So you\'ve beat every team on Legendary mode? So you think you\'re the best of the best? \r\nPut your skills to the test, \r\nShow everyone else why you deserve to be above the rest.','http://bharatham.in/static/events/fifT.jpg','So you\'ve beat every team on Legendary mode? So you think you\'re the best of the best? \r\nPut your skills to the test, \r\nShow everyone else why you deserve to be above the rest.','FISAT','solo',1,'18-02-2017','3K','50','http://bharatham.in/static/events/fif.jpg',0,'1.Settings:\r\n• Game: FIFA 17\r\n• Match time: 8 minutes\r\n• Weather: Clear\r\n• Game speed: Fast\r\n\r\n2.Guidelines:\r\n•  Editing of player stats is not allowed.\r\n• International teams or Clubs can be selected against Bayern Munich in the prelims but no teams under\r\nREST OF WORLD category can be selected.\r\n• Controller (Keyboard or joystick) can be selected as desired .\r\n• Knockout rounds will feature 1 fixture. \r\n• Preferred controller must be indicated while registering.\r\n• Match restart will not be allowed unless required ( decision to be made by the Coordinator).\r\n• One chance per player.\r\n• Use of any cheat program, intentional disconnection, use of any settings exceeding standard and\r\npermitted settings, the player may be given a warning or lose by default at the coordinator’s sole\r\ndiscretion.\r\n• Upon discovery of any player committing any violations regarded as unfair play the player will be\r\ndisqualified from the tournament. During the course of any match the coordinators may determine other\r\nactions to be unfair play at any time.\r\n\r\n3. Regarding Prelims:\r\n1.One match against Bayern Munich in Legendary difficulty.\r\n2.Winners qualify for knockout rounds.\r\n3.Promotion to the next round will depend on GF (goals for) in case less number of participants qualify for\r\nknockout rounds. A score 1-2 will be preferred over 0-1.'),(22,'GAMING : CS 1.6','gaming-counter-strike','2017-02-07 18:21:27.381429','2017-02-08 09:08:31.736846','We don\'t need to aim down sights,\r\nWe don\'t need amazing graphics,                        \r\nWe don\'t need care packages, \r\nnor do we need the most advanced weaponry.\r\nA Testament to the Raw Skills possessed only by the BEST.','http://bharatham.in/static/events/csT.jpg','We don\'t need to aim down sights,\r\nWe don\'t need amazing graphics,                        \r\nWe don\'t need care packages, \r\nNor do we need the most advanced weaponry,\r\nA Testament to the Raw Skills possessed only by the BEST.','FISAT','group',0,'18-02-2017','5k','100','http://bharatham.in/static/events/cs.jpg',0,'• Game Version : CS 1.6\r\n• Competition Method: 5 vs. 5\r\n• Maps: de_dust2.\r\n• Knife round to decide the faction.\r\n• Players can bring their gaming accessories.\r\n• Illegal scripts are not allowed and any form of misconduct may lead to disqualification.\r\n• All decisions made by the event coordinators will be FINAL.\r\n• Rules are susceptible to change.');
/*!40000 ALTER TABLE `events_event` ENABLE KEYS */;
UNLOCK TABLES;

--
-- Table structure for table `events_eventhead`
--

DROP TABLE IF EXISTS `events_eventhead`;
/*!40101 SET @saved_cs_client     = @@character_set_client */;
/*!40101 SET character_set_client = utf8 */;
CREATE TABLE `events_eventhead` (
  `id` int(11) NOT NULL AUTO_INCREMENT,
  `name` varchar(60) NOT NULL,
  `phone` varchar(12) NOT NULL,
  `eventname_id` int(11) NOT NULL,
  PRIMARY KEY (`id`),
  KEY `events_eventhead_c4c4dd8e` (`eventname_id`),
  CONSTRAINT `events_eventhead_eventname_id_06cebd73_fk_events_event_id` FOREIGN KEY (`eventname_id`) REFERENCES `events_event` (`id`)
) ENGINE=InnoDB AUTO_INCREMENT=54 DEFAULT CHARSET=latin1;
/*!40101 SET character_set_client = @saved_cs_client */;

--
-- Dumping data for table `events_eventhead`
--

LOCK TABLES `events_eventhead` WRITE;
/*!40000 ALTER TABLE `events_eventhead` DISABLE KEYS */;
INSERT INTO `events_eventhead` VALUES (1,'Ashish Johnson','9400464383',2),(2,'Gautham','9020213367',2),(3,'Anita Susan','8281929825',2),(4,'Rahul Kx','9567059762',2),(5,'Ebin Thomas','9947471423',7),(6,'Christy Antony','8086929135',7),(7,'Ram Kumar','9400531761',7),(8,'Sourabh','9746466854',1),(9,'Sreelakshmi','9544623351',1),(10,'Aswanth','8547114440',1),(11,'Birin','8289865626',1),(12,'Sharan','9895270022',17),(13,'Midhun Laxman','8281642115',17),(14,'Abhishek','9495987679',17),(15,'Sooraj Jayachandran','8547983383',18),(16,'Devika Menon','9605973057',18),(17,'Dhillu Paul','8086515414',16),(18,'Eldhose','9947046294',16),(19,'Reshma Rajan','9526988800',15),(20,'Vaishakh M S','9495972721',15),(21,'Aakash','9446907949',14),(22,'Ashwin','9946767224',14),(23,'Hormise Thachil','9605727436',13),(24,'Ann Treasa','8281295953',13),(25,'Padma','9446322353',12),(26,'Christino','8547122314',12),(27,'Rahul','9496028932',11),(28,'Athira Anilkumar','9400945524',11),(29,'Saffwan','9446263449',11),(30,'Anjali G','9496573833',11),(31,'Akshaye Salil','9400962937',9),(32,'Mahendranath V','8129311676',9),(33,'Midhun Sunny','7736810283',8),(34,'Zayeem','9567163282',8),(35,'Jopaul','9048959155',8),(36,'Adam Shamsudheen','9847477649',6),(37,'Christine Ann Luke','8147824055',6),(38,'Ahammed Salih','9495564106',5),(39,'Akhil B Alex','9496155876',5),(40,'Arun K','9746081712',3),(41,'Alex Paul','8281195631',4),(42,'Fazal','9745852708',3),(43,'Vaishakh P','8086545020',4),(45,'Anju Mary','9446055535',10),(46,'Nikhil','8089877613',10),(47,'Pranav T Pradeep','8907658128',19),(48,'Mani Paul','9495522567',19),(49,'Rahul Arun','9745778704',20),(50,'Aditya','9496351351',21),(51,'Nikhil','9020031175',21),(52,'Nadish','9447705705',22),(53,'Aditya','9496351351',22);
/*!40000 ALTER TABLE `events_eventhead` ENABLE KEYS */;
UNLOCK TABLES;

--
-- Table structure for table `registration_registrationprofile`
--

DROP TABLE IF EXISTS `registration_registrationprofile`;
/*!40101 SET @saved_cs_client     = @@character_set_client */;
/*!40101 SET character_set_client = utf8 */;
CREATE TABLE `registration_registrationprofile` (
  `id` int(11) NOT NULL AUTO_INCREMENT,
  `activation_key` varchar(40) NOT NULL,
  `user_id` int(11) NOT NULL,
  PRIMARY KEY (`id`),
  UNIQUE KEY `user_id` (`user_id`),
  CONSTRAINT `registration_registrationprofil_user_id_5fcbf725_fk_auth_user_id` FOREIGN KEY (`user_id`) REFERENCES `auth_user` (`id`)
) ENGINE=InnoDB DEFAULT CHARSET=latin1;
/*!40101 SET character_set_client = @saved_cs_client */;

--
-- Dumping data for table `registration_registrationprofile`
--

LOCK TABLES `registration_registrationprofile` WRITE;
/*!40000 ALTER TABLE `registration_registrationprofile` DISABLE KEYS */;
/*!40000 ALTER TABLE `registration_registrationprofile` ENABLE KEYS */;
UNLOCK TABLES;
/*!40103 SET TIME_ZONE=@OLD_TIME_ZONE */;

/*!40101 SET SQL_MODE=@OLD_SQL_MODE */;
/*!40014 SET FOREIGN_KEY_CHECKS=@OLD_FOREIGN_KEY_CHECKS */;
/*!40014 SET UNIQUE_CHECKS=@OLD_UNIQUE_CHECKS */;
/*!40101 SET CHARACTER_SET_CLIENT=@OLD_CHARACTER_SET_CLIENT */;
/*!40101 SET CHARACTER_SET_RESULTS=@OLD_CHARACTER_SET_RESULTS */;
/*!40101 SET COLLATION_CONNECTION=@OLD_COLLATION_CONNECTION */;
/*!40111 SET SQL_NOTES=@OLD_SQL_NOTES */;

-- Dump completed on 2017-02-09  6:15:17
